ticker,company_name,sector,sub_sector,industry,sub_industry,sub_industry_code,index_membership,listing_date,listing_board,shares_outstanding,market_cap
AADI,Adaro Andalan Indonesia Tbk.,Energy,"Oil, Gas & Coal",Coal,Coal Production,A121,"COMPOSITE, IDX30, IDX80, IDXENERGY, IDXV30, ISSI, JII, JII70, KOMPAS100, LQ45, MBX",2024-12-05,Main,7786891760,71834076486000
AALI,Astra Agro Lestari Tbk.,Consumer Non-Cyclicals,Food & Beverage,Agricultural Products,Plantations & Crops,D232,"COMPOSITE, IDXNONCYC, IDXSMC-COM, IDXSMC-LIQ, Investor33, ISSI, MBX",1997-12-09,Main,1924688333,13232232289375
ABBA,Mahaka Media Tbk.,Consumer Cyclicals,Media & Entertainment,Media,Consumer Publishing,E614,"COMPOSITE, IDXCYCLIC",2002-04-03,Watchlist,3935892857,118076785710
ABDA,Asuransi Bina Dana Arta Tbk.,Financials,Insurance,Insurance,General Insurance,G412,"COMPOSITE, DBX, IDXFINANCE, IDXSMC-COM",1989-07-06,Development,620806680,2172823380000
ABMM,ABM Investama Tbk.,Industrials,Multi-sector Holdings,Multi-sector Holdings,Multi-sector Holdings,C311,"COMPOSITE, IDXENERGY, IDXSMC-COM, ISSI, MBX",2011-12-06,Main,2753165000,6910444150000
ACES,Aspirasi Hidup Indonesia Tbk.,Consumer Cyclicals,Retailing,Specialty Retail,Home Improvement Retail,E743,"COMPOSITE, ESGQKEHATI, ESGSKEHATI, IDX80, IDXCYCLIC, IDXESGL, IDXHIDIV20, IDXQ30, IDXSMC-COM, IDXSMC-LIQ, IDXV30, ISSI, JII70, KOMPAS100, MBX",2007-11-06,Main,17120389700,6163340292000
ACRO,Samcro Hyosung Adilestari Tbk.,Consumer Cyclicals,Apparel & Luxury Goods,Apparel & Luxury Goods,Textiles,E413,"COMPOSITE, DBX, IDXCYCLIC",2024-01-11,Development,3469345537,211630077757
ACST,Acset Indonusa Tbk.,Infrastructures,Heavy Constructions & Civil Engineering,Heavy Constructions & Civil Engineering,Heavy Constructions & Civil Engineering,J211,"COMPOSITE, IDXINFRA, IDXSMC-COM",2013-06-24,Watchlist,17675160000,1502388600000
ADCP,Adhi Commuter Properti Tbk.,Properties & Real Estate,Properties & Real Estate,Real Estate Management & Development,Real Estate Development & Management,H111,"COMPOSITE, DBX, IDXPROPERT, IDXSMC-COM, ISSI",2021-05-21,Development,22222222200,1111111110000
ADES,Akasha Wira International Tbk.,Consumer Non-Cyclicals,Food & Beverage,Beverages,Soft Drinks,D212,"COMPOSITE, IDXNONCYC, IDXSMC-COM, ISSI",1994-06-13,Watchlist,589896800,20056491200000
ADHI,Adhi Karya (Persero) Tbk.,Infrastructures,Heavy Constructions & Civil Engineering,Heavy Constructions & Civil Engineering,Heavy Constructions & Civil Engineering,J211,"COMPOSITE, IDXBUMN20, IDXINFRA, IDXSMC-COM, MBX",2004-03-18,Main,8407608979,1336809827661
ADMF,Adira Dinamika Multi Finance T,Financials,Financing Service,Consumer Financing,Consumer Financing,G211,"COMPOSITE, DBX, IDXFINANCE, IDXSMC-COM",2004-03-31,Development,1235803109,10720591970575
ADMG,Polychem Indonesia Tbk,Basic Materials,Basic Materials,Chemicals,Basic Chemicals,B111,"COMPOSITE, DBX, IDXBASIC, ISSI",1993-10-20,Development,3889179559,863397862098
ADMR,Alamtri Minerals Indonesia Tbk,Energy,"Oil, Gas & Coal",Coal,Coal Production,A121,"COMPOSITE, IDX30, IDX80, IDXENERGY, IDXQ30, IDXSHAGROW, Investor33, ISSI, JII, JII70, KOMPAS100, LQ45, MBX",2022-01-03,Main,40882331500,61936732222500
ADRO,Alamtri Resources Indonesia Tb,Energy,"Oil, Gas & Coal",Coal,Coal Production,A121,"BISNIS-27, COMPOSITE, IDX30, IDX80, IDXENERGY, IDXG30, IDXHIDIV20, IDXSHAGROW, IDXV30, IDXVESTA28, Investor33, ISSI, JII, JII70, KOMPAS100, LQ45, MBX",2008-07-16,Main,28800494200,70849215732000
AEGS,Anugerah Spareparts Sejahtera,Consumer Cyclicals,Automobiles & Components,Auto Components,Auto Parts & Equipment,E111,ABX,2023-09-11,Acceleration,1006080721,44267551724
AGAR,Asia Sejahtera Mina Tbk.,Consumer Non-Cyclicals,Food & Beverage,Agricultural Products,"Fish, Meat, & Poultry",D231,"COMPOSITE, DBX, IDXNONCYC, ISSI",2019-12-02,Development,1000000000,630000000000
AGII,Samator Indo Gas Tbk.,Basic Materials,Basic Materials,Chemicals,Basic Chemicals,B111,"COMPOSITE, DBX, IDXBASIC, IDXSMC-COM, ISSI",2016-09-28,Development,3066660000,9598645800000
AGRO,Bank Raya Indonesia Tbk.,Financials,Banks,Banks,Banks,G111,"COMPOSITE, IDXBUMN20, IDXFINANCE, IDXSMC-COM, MBX",,Main,24493093216,3600484702752
AGRS,Bank IBK Indonesia Tbk.,Financials,Banks,Banks,Banks,G111,"COMPOSITE, DBX, IDXFINANCE, IDXSMC-COM",2014-12-22,Development,47367057874,2889390530314
AHAP,Asuransi Harta Aman Pratama Tb,Financials,Insurance,Insurance,General Insurance,G412,"COMPOSITE, DBX, IDXFINANCE",1990-09-14,Development,4900000000,450800000000
AIMS,Artha Mahiya Investama Tbk.,Energy,"Oil, Gas & Coal",Coal,Coal Production,A121,"COMPOSITE, IDXENERGY",2001-07-20,Development,220000000,86240000000
AISA,FKS Food Sejahtera Tbk.,Consumer Non-Cyclicals,Food & Beverage,Processed Foods,Processed Foods,D222,"COMPOSITE, IDXNONCYC, IDXSMC-COM, ISSI, MBX",1997-06-11,Main,9311800000,1098792400000
AKKU,Anugerah Kagum Karya Utama Tbk,Consumer Cyclicals,Consumer Services,Tourism & Recreation,"Hotels, Resorts & Cruise Lines",E512,"COMPOSITE, IDXCYCLIC",2004-11-01,Watchlist,6449463636,245079618168
AKPI,Argha Karya Prima Industry Tbk,Basic Materials,Basic Materials,Chemicals,Specialty Chemicals,B113,"COMPOSITE, DBX, IDXBASIC, ISSI",1992-12-18,Development,612248000,306124000000
AKRA,AKR Corporindo Tbk.,Energy,"Oil, Gas & Coal",Oil & Gas,Oil & Gas Storage & Distribution,A112,"BISNIS-27, COMPOSITE, ESGQKEHATI, ESGSKEHATI, IDX80, IDXENERGY, IDXG30, IDXHIDIV20, IDXLQ45LCL, IDXQ30, IDXSMC-COM, IDXSMC-LIQ, IDXVESTA28, Investor33, ISSI, JII70, KOMPAS100, LQ45, MBX, MNC36, SMinfra18, SRI-KEHATI",1994-10-03,Main,20073474600,29407640289000
AKSI,Mineral Sumberdaya Mandiri Tbk,Transportation & Logistic,Logistics & Deliveries,Logistics & Deliveries,Logistics & Deliveries,K211,"COMPOSITE, DBX, IDXTRANS, ISSI",2001-07-13,Development,720000000,164160000000
ALDO,Alkindo Naratama Tbk.,Basic Materials,Basic Materials,Containers & Packaging,Containers & Packaging,B131,"COMPOSITE, IDXBASIC, IDXSMC-COM, ISSI, MBX",2011-07-12,Main,2700713744,2201081701360
ALII,Ancara Logistics Indonesia Tbk,Energy,"Oil, Gas & Coal",Coal,Coal Distribution,A122,"COMPOSITE, IDXENERGY, IDXSMC-COM, MBX",2024-02-07,Main,15825800000,11711092000000
ALKA,Alakasa Industrindo Tbk,Basic Materials,Basic Materials,Metals & Minerals,Aluminum,B141,"COMPOSITE, DBX, IDXBASIC, ISSI",1990-07-12,Development,507665055,870645569325
ALMI,Alumindo Light Metal Industry,Basic Materials,Basic Materials,Metals & Minerals,Aluminum,B141,"COMPOSITE, IDXBASIC",1997-01-02,Watchlist,3816000000,282384000000
ALTO,Tri Banyan Tirta Tbk.,Consumer Non-Cyclicals,Food & Beverage,Beverages,Soft Drinks,D212,"COMPOSITE, IDXNONCYC",2012-07-10,Watchlist,2191870558,39453670044
AMAG,Asuransi Multi Artha Guna Tbk.,Financials,Insurance,Insurance,General Insurance,G412,"COMPOSITE, IDXFINANCE, IDXSMC-COM, MBX",2005-12-23,Main,5001552516,1950605481240
AMAN,Makmur Berkah Amanda Tbk.,Properties & Real Estate,Properties & Real Estate,Real Estate Management & Development,Real Estate Development & Management,H111,"COMPOSITE, DBX, IDXPROPERT, ISSI",2020-03-13,Development,3873500000,968375000000
AMAR,Bank Amar Indonesia Tbk.,Financials,Banks,Banks,Banks,G111,"COMPOSITE, IDXFINANCE, IDXSMC-COM, MBX",2020-01-09,Main,18197283760,4003402427200
AMFG,Asahimas Flat Glass Tbk.,Industrials,Industrial Goods,Building Products & Fixtures,Building Products & Fixtures,C121,"COMPOSITE, DBX, IDXINDUST, IDXSMC-COM, ISSI",1995-11-08,Development,434000000,1436540000000
AMIN,Ateliers Mecaniques D Indonesi,Industrials,Industrial Goods,Machinery,Industrial Machinery & Components,C143,"COMPOSITE, DBX, IDXINDUST, ISSI",2015-12-10,Development,1080000000,263520000000
AMMN,Amman Mineral Internasional Tb,Basic Materials,Basic Materials,Metals & Minerals,Cooper,B142,"COMPOSITE, ECONOMIC30, IDX80, IDXBASIC, IDXLQ45LCL, KOMPAS100, LQ45, MBX",2023-07-07,Main,72518217656,297324692389600
AMMS,Agung Menjangan Mas Tbk.,Consumer Non-Cyclicals,Food & Beverage,Agricultural Products,"Fish, Meat, & Poultry",D231,ABX,,Acceleration,1235296802,321177168520
AMOR,Ashmore Asset Management Indon,Financials,Investment Service,Investment Services,Investment Management,G311,"COMPOSITE, DBX, IDXFINANCE",2020-01-14,Development,2222222400,768888950400
AMRT,Sumber Alfaria Trijaya Tbk.,Consumer Non-Cyclicals,Food & Staples Retailing,Food & Staples Retailing,Supermarkets & Convenience Store,D113,"BISNIS-27, COMPOSITE, IDX30, IDX80, IDXLQ45LCL, IDXNONCYC, IDXQ30, Investor33, KOMPAS100, LQ45, MBX",2009-01-15,Main,41524501700,55019964752500
ANDI,Andira Agro Tbk.,Consumer Non-Cyclicals,Food & Beverage,Agricultural Products,Plantations & Crops,D232,"COMPOSITE, IDXNONCYC",,Watchlist,9350000000,158950000000
ANJT,Austindo Nusantara Jaya Tbk.,Consumer Non-Cyclicals,Food & Beverage,Agricultural Products,Plantations & Crops,D232,"COMPOSITE, DBX, IDXNONCYC, IDXSMC-COM",2013-05-08,Development,3354175000,4964179000000
ANTM,ANTAM (Persero) Tbk.,Basic Materials,Basic Materials,Metals & Minerals,Diversified Metals & Minerals,B146,"BISNIS-27, COMPOSITE, ECONOMIC30, ESGQKEHATI, ESGSKEHATI, IDX30, IDX80, IDXBASIC, IDXBUMN20, IDXHIDIV20, IDXLQ45LCL, IDXMESBUMN, IDXQ30, IDXSHAGROW, IDXVESTA28, Investor33, ISSI, JII, JII70, KOMPAS100, LQ45, MBX, MNC36, SRI-KEHATI",1997-11-27,Main,24030764725,69208602408000
APEX,Apexindo Pratama Duta Tbk.,Energy,"Oil, Gas & Coal","Oil, Gas & Coal Supports",Oil & Gas Drilling Service,A131,"COMPOSITE, DBX, IDXENERGY",2013-06-05,Development,3546466661,531969999150
APIC,Pacific Strategic Financial Tb,Financials,Holding & Investment Companies,Holding & Investment Companies,Financial Holdings,G511,"COMPOSITE, DBX, IDXFINANCE, IDXSMC-COM",2002-12-18,Development,11766313488,7765766902080
APII,Arita Prima Indonesia Tbk.,Industrials,Industrial Goods,Machinery,Industrial Machinery & Components,C143,"COMPOSITE, DBX, IDXINDUST, ISSI",2013-10-29,Development,1075760000,199015600000
APLI,Asiaplast Industries Tbk.,Basic Materials,Basic Materials,Chemicals,Specialty Chemicals,B113,"COMPOSITE, DBX, IDXBASIC, ISSI",2000-05-01,Development,1362671400,337942507200
APLN,Agung Podomoro Land Tbk.,Properties & Real Estate,Properties & Real Estate,Real Estate Management & Development,Real Estate Development & Management,H111,"COMPOSITE, IDXPROPERT, IDXSMC-COM, ISSI, MBX",2010-11-11,Main,22699326779,2814716520596
ARCI,Archi Indonesia Tbk.,Basic Materials,Basic Materials,Metals & Minerals,Gold,B143,"COMPOSITE, DBX, ESGQKEHATI, ESGSKEHATI, IDXBASIC, IDXSMC-COM, IDXSMC-LIQ, ISSI, JII, JII70, KOMPAS100",2021-06-28,Development,25235000000,27127625000000
AREA,Dunia Virtual Online Tbk.,Technology,Software & IT Services,IT Services & Consulting,IT Services & Consulting,I121,"COMPOSITE, DBX, IDXSMC-COM, IDXTECHNO, ISSI",2024-04-01,Development,2539601000,716167482000
ARGO,Argo Pantes Tbk,Consumer Cyclicals,Apparel & Luxury Goods,Apparel & Luxury Goods,Textiles,E413,"COMPOSITE, DBX, IDXPROPERT, IDXSMC-COM",1991-01-07,Development,3174339029,3713976663930
ARII,Atlas Resources Tbk.,Energy,"Oil, Gas & Coal",Coal,Coal Production,A121,"COMPOSITE, DBX, IDXENERGY, IDXSMC-COM, ISSI",2011-11-08,Development,3750000000,1027500000000
ARKA,Arkha Jayanti Persada Tbk.,Industrials,Industrial Goods,Machinery,Industrial Machinery & Components,C143,"COMPOSITE, IDXINDUST",2019-07-10,Watchlist,2000000000,44000000000
ARKO,Arkora Hydro Tbk.,Infrastructures,Utilities,Electric Utilities,Electric Utilities,J411,"COMPOSITE, DBX, IDXINFRA, IDXSMC-COM",2022-07-08,Development,2928495000,14349625500000
ARMY,Armidian Karyatama Tbk.,Properties & Real Estate,Properties & Real Estate,Real Estate Management & Development,Real Estate Development & Management,H111,"COMPOSITE, IDXPROPERT",2017-06-21,Watchlist,9006250000,450312500000
ARNA,Arwana Citramulia Tbk.,Industrials,Industrial Goods,Building Products & Fixtures,Building Products & Fixtures,C121,"COMPOSITE, IDXINDUST, IDXSMC-COM, ISSI, MBX",2001-07-17,Main,7341430976,3597301178240
ARTA,Arthavest Tbk,Consumer Cyclicals,Consumer Services,Tourism & Recreation,"Hotels, Resorts & Cruise Lines",E512,"COMPOSITE, DBX, IDXCYCLIC, IDXSMC-COM",2002-11-05,Development,446674175,1116685437500
ARTI,Ratu Prabu Energi Tbk,Energy,"Oil, Gas & Coal","Oil, Gas & Coal Supports","Oil, Gas & Coal Equipment & Services",A132,"COMPOSITE, IDXENERGY",2003-04-30,Watchlist,7840000000,15680000000
ARTO,Bank Jago Tbk.,Financials,Banks,Banks,Banks,G111,"COMPOSITE, IDX80, IDXFINANCE, IDXSMC-COM, IDXSMC-LIQ, INFOBANK15, KOMPAS100, MBX",2016-01-12,Main,13722768400,16741777448000
ASBI,Asuransi Bintang Tbk.,Financials,Insurance,Insurance,General Insurance,G412,"COMPOSITE, DBX, IDXFINANCE",1989-11-29,Development,348386472,148412637072
ASDM,Asuransi Dayin Mitra Tbk.,Financials,Insurance,Insurance,General Insurance,G412,"COMPOSITE, DBX, IDXFINANCE",1989-12-15,Development,384000000,197760000000
ASGR,Astra Graphia Tbk.,Industrials,Industrial Services,Commercial Services,Business Support Services,C224,"COMPOSITE, IDXINDUST, IDXSMC-COM, ISSI, MBX",1989-11-15,Main,1348780500,2414317095000
ASHA,Cilacap Samudera Fishing Indus,Consumer Non-Cyclicals,Food & Beverage,Agricultural Products,"Fish, Meat, & Poultry",D231,"COMPOSITE, DBX, IDXNONCYC, ISSI",2022-05-27,Development,5000000000,280000000000
ASII,Astra International Tbk.,Industrials,Multi-sector Holdings,Multi-sector Holdings,Multi-sector Holdings,C311,"BISNIS-27, COMPOSITE, ESGQKEHATI, ESGSKEHATI, IDX30, IDX80, IDXHIDIV20, IDXINDUST, IDXLQ45LCL, IDXQ30, IDXV30, IDXVESTA28, Investor33, KOMPAS100, LQ45, MBX, MNC36, SRI-KEHATI",1990-04-04,Main,40483553140,206466121014000
ASJT,Asuransi Jasa Tania Tbk.,Financials,Insurance,Insurance,General Insurance,G412,"COMPOSITE, DBX, IDXFINANCE",2003-12-23,Development,1400000000,222600000000
ASLC,Autopedia Sukses Lestari Tbk.,Consumer Cyclicals,Retailing,Specialty Retail,Automotive Retail,E745,"COMPOSITE, DBX, IDXCYCLIC, IDXSMC-COM, ISSI",2022-01-25,Development,12746354780,815766705920
ASLI,Asri Karya Lestari Tbk.,Infrastructures,Heavy Constructions & Civil Engineering,Heavy Constructions & Civil Engineering,Heavy Constructions & Civil Engineering,J211,"COMPOSITE, DBX, IDXINFRA, IDXSMC-COM, ISSI",2024-01-05,Development,6250000000,1225000000000
ASMI,Asuransi Maximus Graha Persada,Financials,Insurance,Insurance,General Insurance,G412,"COMPOSITE, IDXFINANCE",2014-01-16,Watchlist,8958380460,143334087360
ASPI,Andalan Sakti Primaindo Tbk.,Properties & Real Estate,Properties & Real Estate,Real Estate Management & Development,Real Estate Development & Management,H111,"COMPOSITE, DBX, IDXPROPERT, ISSI",2020-02-17,Development,683810725,273524290000
ASPR,Asia Pramulia Tbk.,Basic Materials,Basic Materials,Containers & Packaging,Containers & Packaging,B131,"COMPOSITE, DBX, IDXBASIC, ISSI",2025-07-08,Development,2712000000,401376000000
ASRI,Alam Sutera Realty Tbk.,Properties & Real Estate,Properties & Real Estate,Real Estate Management & Development,Real Estate Development & Management,H111,"COMPOSITE, IDXPROPERT, IDXSMC-COM, ISSI, MBX",2007-12-18,Main,19649411888,2298981190896
ASRM,Asuransi Ramayana Tbk.,Financials,Insurance,Insurance,General Insurance,G412,"COMPOSITE, DBX, IDXFINANCE",1990-03-19,Development,1277992036,334833913432
ASSA,Adi Sarana Armada Tbk.,Transportation & Logistic,Transportation,Passenger Land Transportation,Road Transportation,K132,"COMPOSITE, ESGQKEHATI, ESGSKEHATI, IDXSMC-COM, IDXSMC-LIQ, IDXTRANS, ISSI, MBX",2012-11-12,Main,3691137517,2251593885370
ATAP,Trimitra Prawara Goldland Tbk.,Properties & Real Estate,Properties & Real Estate,Real Estate Management & Development,Real Estate Development & Management,H111,"COMPOSITE, DBX, IDXPROPERT, ISSI",2020-12-11,Development,1250000000,693750000000
ATIC,Anabatic Technologies Tbk.,Technology,Software & IT Services,IT Services & Consulting,IT Services & Consulting,I121,"COMPOSITE, DBX, IDXSMC-COM, IDXTECHNO, ISSI",2015-07-08,Development,2894201693,1383428409254
ATLA,Atlantis Subsea Indonesia Tbk.,Energy,"Oil, Gas & Coal","Oil, Gas & Coal Supports","Oil, Gas & Coal Equipment & Services",A132,"COMPOSITE, DBX, IDXENERGY, ISSI",2024-04-16,Development,6199577693,309978884650
AUTO,Astra Otoparts Tbk.,Consumer Cyclicals,Automobiles & Components,Auto Components,Auto Parts & Equipment,E111,"COMPOSITE, ESGQKEHATI, ESGSKEHATI, IDXCYCLIC, IDXSMC-COM, IDXSMC-LIQ, ISSI, MBX",1998-06-15,Main,4819733000,13254265750000
AVIA,Avia Avian Tbk.,Basic Materials,Basic Materials,Chemicals,Specialty Chemicals,B113,"COMPOSITE, ESGQKEHATI, ESGSKEHATI, IDXBASIC, IDXSMC-COM, IDXSMC-LIQ, ISSI, JII70, MBX, MNC36, SRI-KEHATI",2021-12-08,Main,61953555600,20072952014400
AWAN,Era Digital Media Tbk.,Technology,Software & IT Services,Online Applications & Services,Online Applications & Services,I111,"COMPOSITE, DBX, IDXTECHNO, ISSI",2023-04-18,Development,3435000000,566775000000
AXIO,Tera Data Indonusa Tbk.,Technology,Technology Hardware & Equipment,Computer Hardware,Computer Hardware,I221,"COMPOSITE, DBX, IDXTECHNO, ISSI",2022-07-20,Development,5840126500,648254041500
AYAM,Janu Putra Sejahtera Tbk.,Consumer Non-Cyclicals,Food & Beverage,Agricultural Products,"Fish, Meat, & Poultry",D231,"COMPOSITE, DBX, IDXNONCYC, IDXSMC-COM, ISSI",2023-11-30,Development,4000000000,1688000000000
AYLS,Arkayana Lestari Grup Tbk.,Basic Materials,Basic Materials,Construction Materials,Construction Materials,B121,"COMPOSITE, DBX, IDXBASIC, ISSI",2020-02-12,Development,853423236,130573755108
BABP,Bank MNC Internasional Tbk.,Financials,Banks,Banks,Banks,G111,"COMPOSITE, DBX, IDXFINANCE, IDXSMC-COM",2002-07-15,Development,44014333126,2200716656300
BABY,Multitrend Indo Tbk.,Consumer Cyclicals,Retailing,Specialty Retail,Apparel & Textile Retail,E741,"COMPOSITE, IDXCYCLIC, ISSI",2023-09-07,Development,2854826582,545271877162
BACA,Bank Capital Indonesia Tbk.,Financials,Banks,Banks,Banks,G111,"COMPOSITE, IDXFINANCE, IDXSMC-COM, MBX",2007-10-04,Main,19753494636,2271651883140
BACH,Bach Multi Global Tbk.,Industrials,Industrial Services,Diversified Industrial Trading,Diversified Industrial Trading,C211,"COMPOSITE, IDXINDUST, ISSI, MBX",2026-07-08,Main,4084430000,3594298400000
BAIK,Bersama Mencapai Puncak Tbk.,Consumer Cyclicals,Consumer Services,Tourism & Recreation,Restaurants,E515,"COMPOSITE, DBX, IDXCYCLIC, ISSI",2024-02-15,Development,1127497572,873810618300
BAJA,Saranacentral Bajatama Tbk.,Basic Materials,Basic Materials,Metals & Minerals,Iron & Steel,B144,"COMPOSITE, DBX, IDXBASIC",2011-12-21,Development,1800000000,439200000000
BALI,Bali Towerindo Sentra Tbk.,Infrastructures,Telecommunication,Wireless Telecommunication Services,Wireless Telecommunication Services,J321,"COMPOSITE, IDXINFRA, IDXSMC-COM, ISSI, MBX",2014-03-13,Main,3934592500,4859221737500
BANK,Bank Aladin Syariah Tbk.,Basic Materials,Basic Materials,Forestry & Paper,Diversified Forest,B153,"COMPOSITE, DBX, IDXFINANCE, IDXSMC-COM, INFOBANK15, ISSI",2021-02-01,Development,14793174908,4142088974240
BAPA,Bekasi Asri Pemula Tbk.,Properties & Real Estate,Properties & Real Estate,Real Estate Management & Development,Real Estate Development & Management,H111,"COMPOSITE, IDXPROPERT",2008-01-14,Development,661784520,110518014840
BAPI,Bhakti Agung Propertindo Tbk.,Properties & Real Estate,Properties & Real Estate,Real Estate Management & Development,Real Estate Development & Management,H111,"COMPOSITE, IDXPROPERT, ISSI",2019-09-16,Watchlist,5591980103,117431582163
BATA,Sepatu Bata Tbk.,Consumer Cyclicals,Apparel & Luxury Goods,Apparel & Luxury Goods,Footwear,E412,"COMPOSITE, IDXCYCLIC",1982-03-24,Watchlist,1300000000,76700000000
BATR,Benteng Api Technic Tbk.,Basic Materials,Basic Materials,Construction Materials,Construction Materials,B121,"COMPOSITE, DBX, IDXBASIC, ISSI",2024-06-10,Development,3025037353,278303436476
BAUT,Mitra Angkasa Sejahtera Tbk.,Consumer Cyclicals,Retailing,Specialty Retail,Home Improvement Retail,E743,"COMPOSITE, IDXCYCLIC, ISSI",2022-01-28,Watchlist,4800182969,139205306101
BAYU,Bayu Buana Tbk,Consumer Cyclicals,Consumer Services,Tourism & Recreation,Travel Agencies,E513,"COMPOSITE, IDXCYCLIC, ISSI, MBX",1989-10-30,Main,353220780,393841169700
BBCA,Bank Central Asia Tbk.,Financials,Banks,Banks,Banks,G111,"BISNIS-27, COMPOSITE, ECONOMIC30, ESGQKEHATI, ESGSKEHATI, I-GRADE, IDX30, IDX80, IDXESGL, IDXFINANCE, IDXG30, IDXHIDIV20, IDXLQ45LCL, IDXQ30, IDXVESTA28, INFOBANK15, Investor33, KOMPAS100, LQ45, MBX, MNC36, PRIMBANK10, SRI-KEHATI",2000-05-31,Main,122042299500,771917544337500
BBHI,Allo Bank Indonesia Tbk.,Financials,Banks,Banks,Banks,G111,"COMPOSITE, IDXFINANCE, IDXSMC-COM, MBX",,Main,21512953877,20329741413765
BBKP,Bank KB Indonesia Tbk.,Financials,Banks,Banks,Banks,G111,"COMPOSITE, DBX, IDXFINANCE, IDXSMC-COM",2006-07-10,Development,185819884852,9662634012304
BBLD,Buana Finance Tbk.,Financials,Financing Service,Consumer Financing,Consumer Financing,G211,"COMPOSITE, DBX, IDXFINANCE, IDXSMC-COM",1990-05-07,Development,1645796054,971019671860
BBMD,Bank Mestika Dharma Tbk.,Financials,Banks,Banks,Banks,G111,"COMPOSITE, IDXFINANCE, IDXSMC-COM, MBX",2013-07-08,Main,4049189100,7936410636000
BBNI,Bank Negara Indonesia (Persero,Financials,Banks,Banks,Banks,G111,"BISNIS-27, COMPOSITE, ECONOMIC30, ESGQKEHATI, ESGSKEHATI, I-GRADE, IDX30, IDX80, IDXBUMN20, IDXESGL, IDXFINANCE, IDXG30, IDXHIDIV20, IDXLQ45LCL, IDXV30, IDXVESTA28, INFOBANK15, Investor33, KOMPAS100, LQ45, MBX, MNC36, PRIMBANK10, SMinfra18, SRI-KEHATI",1996-11-25,Main,36924339786,130342919444580
BBRI,Bank Rakyat Indonesia (Persero,Financials,Banks,Banks,Banks,G111,"BISNIS-27, COMPOSITE, ECONOMIC30, ESGQKEHATI, ESGSKEHATI, I-GRADE, IDX30, IDX80, IDXBUMN20, IDXESGL, IDXFINANCE, IDXG30, IDXHIDIV20, IDXLQ45LCL, IDXQ30, INFOBANK15, Investor33, KOMPAS100, LQ45, MBX, MNC36, PRIMBANK10, SMinfra18, SRI-KEHATI",2003-11-10,Main,150043411587,456131971224480
BBRM,Pelayaran Nasional Bina Buana,Energy,"Oil, Gas & Coal",Coal,Coal Distribution,A122,"COMPOSITE, DBX, IDXENERGY, IDXSMC-COM, ISSI",2013-01-09,Development,8479490328,992100368376
BBSI,Krom Bank Indonesia Tbk.,Financials,Banks,Banks,Banks,G111,"COMPOSITE, IDXFINANCE, IDXSMC-COM, MBX",2020-09-07,Main,3637976068,17062107758920
BBSS,Bumi Benowo Sukses Sejahtera T,Properties & Real Estate,Properties & Real Estate,Real Estate Management & Development,Real Estate Development & Management,H111,"COMPOSITE, DBX, IDXPROPERT, IDXSMC-COM, ISSI",2020-04-15,Development,4800016020,456001521900
BBTN,Bank Tabungan Negara (Persero),Financials,Banks,Banks,Banks,G111,"COMPOSITE, ECONOMIC30, ESGQKEHATI, ESGSKEHATI, I-GRADE, IDX80, IDXBUMN20, IDXFINANCE, IDXLQ45LCL, IDXSMC-COM, IDXSMC-LIQ, IDXV30, INFOBANK15, Investor33, KOMPAS100, LQ45, MBX, PRIMBANK10, SRI-KEHATI",2009-12-17,Main,13894099969,16881331462335
BBYB,Bank Neo Commerce Tbk.,Financials,Banks,Banks,Banks,G111,"COMPOSITE, ECONOMIC30, IDXFINANCE, IDXSMC-COM, IDXSMC-LIQ, INFOBANK15, KOMPAS100, MBX",2015-01-13,Main,13216977523,3489282066072
BCAP,MNC Kapital Indonesia Tbk.,Financials,Holding & Investment Companies,Holding & Investment Companies,Financial Holdings,G511,"COMPOSITE, IDXFINANCE, IDXSMC-COM, MBX",2001-06-08,Main,42618850927,2130942546350
BCIC,Bank JTrust Indonesia Tbk.,Financials,Banks,Banks,Banks,G111,"COMPOSITE, DBX, IDXFINANCE, IDXSMC-COM",1997-06-25,Development,17926071041,2258684951166
BCIP,Bumi Citra Permai Tbk.,Properties & Real Estate,Properties & Real Estate,Real Estate Management & Development,Real Estate Development & Management,H111,"COMPOSITE, DBX, IDXPROPERT, ISSI",2009-12-11,Development,1429915525,91514593600
BDKR,Berdikari Pondasi Perkasa Tbk.,Infrastructures,Heavy Constructions & Civil Engineering,Heavy Constructions & Civil Engineering,Heavy Constructions & Civil Engineering,J211,"COMPOSITE, IDXINFRA, ISSI, MBX",2023-03-03,Main,4725101522,732390735910
BDMN,Bank Danamon Indonesia Tbk.,Financials,Banks,Banks,Banks,G111,"COMPOSITE, IDXFINANCE, IDXSMC-COM, INFOBANK15, MBX, PRIMBANK10",1989-12-06,Main,9675817341,40638432832200
BEBS,Berkah Beton Sadaya Tbk.,Basic Materials,Basic Materials,Construction Materials,Construction Materials,B121,"COMPOSITE, IDXBASIC",2021-03-10,Watchlist,45000000000,225000000000
BEEF,Estika Tata Tiara Tbk.,Consumer Non-Cyclicals,Food & Beverage,Processed Foods,Processed Foods,D222,"COMPOSITE, DBX, IDXNONCYC, IDXSMC-COM",2019-01-10,Development,8120249598,3183137842416
BEER,Jobubu Jarum Minahasa Tbk.,Consumer Non-Cyclicals,Food & Beverage,Beverages,Liquors,D211,"COMPOSITE, DBX, IDXNONCYC",2023-01-06,Development,4000000000,304000000000
BEKS,Bank Pembangunan Daerah Banten,Financials,Banks,Banks,Banks,G111,"COMPOSITE, IDXFINANCE, IDXSMC-COM",2001-07-13,Watchlist,51351733883,1078386411543
BELI,Global Digital Niaga Tbk.,Technology,Software & IT Services,Online Applications & Services,Online Applications & Services,I111,"COMPOSITE, DBX, IDXTECHNO, ISSI",2022-11-08,Development,137218985689,35128060336384
BELL,Trisula Textile Industries Tbk,Consumer Cyclicals,Apparel & Luxury Goods,Apparel & Luxury Goods,Textiles,E413,"COMPOSITE, DBX, IDXCYCLIC, ISSI",2017-10-03,Development,7250000000,826500000000
BESS,Batulicin Nusantara Maritim Tb,Energy,"Oil, Gas & Coal",Coal,Coal Distribution,A122,"COMPOSITE, DBX, IDXENERGY, IDXSMC-COM, ISSI",2020-03-09,Development,3440455528,3096409975200
BEST,Bekasi Fajar Industrial Estate,Properties & Real Estate,Properties & Real Estate,Real Estate Management & Development,Real Estate Development & Management,H111,"COMPOSITE, IDXPROPERT, IDXSMC-COM, ISSI, MBX",2012-04-10,Main,9647311150,1061204226500
BFIN,BFI Finance  Indonesia Tbk.,Financials,Financing Service,Consumer Financing,Consumer Financing,G211,"COMPOSITE, IDXFINANCE, IDXSMC-COM, IDXSMC-LIQ, MBX",1990-05-16,Main,15039383620,13761036012300
BGTG,Bank Ganesha Tbk.,Financials,Banks,Banks,Banks,G111,"COMPOSITE, IDXFINANCE, IDXSMC-COM, MBX",2016-05-12,Main,23731287132,2705366733048
BHAT,Bhakti Multi Artha Tbk.,Financials,Insurance,Insurance,Life Insurance,G413,"COMPOSITE, DBX, IDXFINANCE, IDXSMC-COM",2020-04-15,Development,5000000000,8850000000000
BHIT,MNC Asia Holding Tbk.,Industrials,Multi-sector Holdings,Multi-sector Holdings,Multi-sector Holdings,C311,"COMPOSITE, IDXINDUST, IDXSMC-COM",1997-11-24,Watchlist,86068156705,2237772074330
BIKA,Binakarya Jaya Abadi Tbk.,Properties & Real Estate,Properties & Real Estate,Real Estate Management & Development,Real Estate Development & Management,H111,"COMPOSITE, IDXPROPERT",2015-07-14,Watchlist,592280000,32575400000
BIKE,Bhineka Inovasi Ketahanan Ener,Consumer Cyclicals,Leisure Goods,Sport Equipment & Hobbies Goods,Sport Equipment & Hobbies Goods,E321,"COMPOSITE, DBX, IDXCYCLIC, ISSI",2022-03-21,Development,1293916404,659897366040
BIMA,Primarindo Asia Infrastructure,Consumer Cyclicals,Apparel & Luxury Goods,Apparel & Luxury Goods,Footwear,E412,"COMPOSITE, IDXCYCLIC",,Watchlist,608175716,49870408712
BINA,Bank Ina Perdana Tbk.,Financials,Banks,Banks,Banks,G111,"COMPOSITE, IDXFINANCE, IDXSMC-COM, MBX",2014-01-16,Main,6073369498,26722825791200
BINO,Perma Plasindo Tbk.,Industrials,Industrial Services,Commercial Services,Office Supplies,C223,"COMPOSITE, DBX, IDXINDUST, ISSI",2021-11-25,Development,2275316111,245734139988
BIPI,Astrindo Nusantara Infrastrukt,Energy,"Oil, Gas & Coal",Coal,Coal Distribution,A122,"COMPOSITE, DBX, IDXENERGY, IDXSMC-COM",2010-02-11,Development,63710196917,9046847962214
BIPP,Bhuwanatala Indah Permai Tbk.,Properties & Real Estate,Properties & Real Estate,Real Estate Management & Development,Real Estate Development & Management,H111,"COMPOSITE, DBX, IDXPROPERT, ISSI",1995-10-23,Development,5028669376,306748831936
BIRD,Blue Bird Tbk.,Transportation & Logistic,Transportation,Passenger Land Transportation,Road Transportation,K132,"COMPOSITE, IDXSMC-COM, IDXTRANS, ISSI, MBX",2014-11-05,Main,2502100000,4028381000000
BISI,BISI International Tbk.,Consumer Non-Cyclicals,Food & Beverage,Agricultural Products,Plantations & Crops,D232,"COMPOSITE, IDXNONCYC, IDXSMC-COM, ISSI, MBX",2007-05-28,Main,3000000000,1980000000000
BJBR,Bank Pembangunan Daerah Jawa B,Financials,Banks,Banks,Banks,G111,"COMPOSITE, I-GRADE, IDXBUMN20, IDXFINANCE, IDXSMC-COM, INFOBANK15, MBX, PRIMBANK10",2010-07-08,Main,10416229249,8228821106710
BJTM,Bank Pembangunan Daerah Jawa T,Financials,Banks,Banks,Banks,G111,"COMPOSITE, ESGQKEHATI, IDXBUMN20, IDXFINANCE, IDXSMC-COM, MBX",2012-07-12,Main,14865343101,7729978412520
BKDP,Bukit Darmo Property Tbk,Properties & Real Estate,Properties & Real Estate,Real Estate Management & Development,Real Estate Development & Management,H111,"COMPOSITE, IDXPROPERT, ISSI",2007-06-15,Development,7513992252,1269864690588
BKSL,Sentul City Tbk.,Properties & Real Estate,Properties & Real Estate,Real Estate Management & Development,Real Estate Development & Management,H111,"COMPOSITE, ECONOMIC30, IDX80, IDXPROPERT, IDXSMC-COM, ISSI, JII, JII70, KOMPAS100, MBX",1997-07-28,Main,167708902705,11404205383940
BKSW,Bank QNB Indonesia Tbk.,Financials,Banks,Banks,Banks,G111,"COMPOSITE, DBX, IDXFINANCE, IDXSMC-COM",2002-11-21,Development,34806467881,1844742797693
BLES,Superior Prima Sukses Tbk.,Basic Materials,Basic Materials,Construction Materials,Construction Materials,B121,"COMPOSITE, DBX, IDXBASIC, IDXSMC-COM, ISSI",2024-07-08,Development,8890206400,1778041280000
BLOG,Trimitra Trans Persada Tbk.,Transportation & Logistic,Logistics & Deliveries,Logistics & Deliveries,Logistics & Deliveries,K211,"COMPOSITE, IDXTRANS, ISSI, MBX",2025-07-10,Main,3379487200,1209856417600
BLTA,Berlian Laju Tanker Tbk,Transportation & Logistic,Logistics & Deliveries,Logistics & Deliveries,Logistics & Deliveries,K211,"COMPOSITE, IDXSMC-COM, IDXTRANS, ISSI",1990-03-26,Watchlist,25940187103,856026174399
BLTZ,Graha Layar Prima Tbk.,Consumer Cyclicals,Consumer Services,Tourism & Recreation,Recreational & Sports Facilities,E514,"COMPOSITE, IDXCYCLIC, IDXSMC-COM, ISSI",2014-04-10,Watchlist,873937142,2219800340680
BLUE,Berkah Prima Perkasa Tbk.,Industrials,Industrial Services,Commercial Services,Office Supplies,C223,"COMPOSITE, DBX, IDXINDUST, IDXSMC-COM, ISSI",2019-07-08,Development,418000000,1015740000000
BMAS,Bank Kasikorn Indonesia Tbk.,Financials,Banks,Banks,Banks,G111,"COMPOSITE, DBX, IDXFINANCE, IDXSMC-COM",2013-07-11,Development,17921635680,8745758211840
BMBL,Lavender Bina Cendikia Tbk.,Consumer Cyclicals,Consumer Services,Education & Support Services,Education Services,E521,ABX,2023-01-11,Acceleration,1030080995,33992672835
BMHS,Bundamedik Tbk.,Healthcare,Healthcare Equipment & Providers,Healthcare Providers,Healthcare Providers,F121,"COMPOSITE, IDXHEALTH, IDXSMC-COM, ISSI, MBX",2021-07-06,Main,8603416176,1634649073440
BMRI,Bank Mandiri (Persero) Tbk.,Financials,Banks,Banks,Banks,G111,"BISNIS-27, COMPOSITE, ECONOMIC30, ESGQKEHATI, ESGSKEHATI, I-GRADE, IDX30, IDX80, IDXBUMN20, IDXESGL, IDXFINANCE, IDXG30, IDXHIDIV20, IDXLQ45LCL, IDXQ30, IDXVESTA28, INFOBANK15, Investor33, KOMPAS100, LQ45, MBX, MNC36, PRIMBANK10, SMinfra18, SRI-KEHATI",2003-07-14,Main,92399999996,387155999983240
BMSR,Bintang Mitra Semestaraya Tbk,Basic Materials,Basic Materials,Chemicals,Basic Chemicals,B111,"COMPOSITE, DBX, IDXBASIC, ISSI",1999-12-29,Development,1159200024,359352007440
BMTR,Global Mediacom Tbk.,Industrials,Multi-sector Holdings,Multi-sector Holdings,Multi-sector Holdings,C311,"COMPOSITE, IDXCYCLIC, IDXSMC-COM, ISSI, MBX",1995-07-17,Main,16583997586,1956911715148
BNBA,Bank Bumi Arta Tbk.,Financials,Banks,Banks,Banks,G111,"COMPOSITE, DBX, IDXFINANCE, IDXSMC-COM",2006-06-01,Development,3354120000,2482048800000
BNBR,Bakrie & Brothers Tbk,Industrials,Multi-sector Holdings,Multi-sector Holdings,Multi-sector Holdings,C311,"COMPOSITE, DBX, IDXINDUST, IDXSMC-COM",,Development,263336671587,25102249606504
BNGA,Bank CIMB Niaga Tbk.,Financials,Banks,Banks,Banks,G111,"COMPOSITE, IDXFINANCE, IDXSMC-COM, IDXSMC-LIQ, INFOBANK15, Investor33, MBX, MNC36, PRIMBANK10",1989-11-29,Main,24890783784,41069793243600
BNII,Bank Maybank Indonesia Tbk.,Financials,Banks,Banks,Banks,G111,"COMPOSITE, IDXFINANCE, IDXSMC-COM, MBX",1989-11-21,Main,75357433911,14393269877001
BNLI,Bank Permata Tbk.,Financials,Banks,Banks,Banks,G111,"COMPOSITE, IDXFINANCE, MBX",1990-01-15,Main,35819545925,77728414657250
BOAT,Newport Marine Services Tbk.,Energy,"Oil, Gas & Coal","Oil, Gas & Coal Supports","Oil, Gas & Coal Equipment & Services",A132,"COMPOSITE, DBX, IDXENERGY, ISSI",2024-11-12,Development,3501680000,483231840000
BOBA,Formosa Ingredient Factory Tbk,Consumer Non-Cyclicals,Food & Beverage,Processed Foods,Processed Foods,D222,"COMPOSITE, DBX, IDXNONCYC, ISSI",2021-11-01,Development,1155750000,263511000000
BOGA,Apollo Global Interactive Tbk.,Consumer Cyclicals,Retailing,Specialty Retail,Automotive Retail,E745,"COMPOSITE, DBX, IDXCYCLIC, IDXSMC-COM, ISSI",2016-12-19,Development,3803526210,6370906401750
BOLA,Bali Bintang Sejahtera Tbk.,Consumer Cyclicals,Consumer Services,Tourism & Recreation,Recreational & Sports Facilities,E514,"COMPOSITE, IDXCYCLIC, IDXSMC-COM, MBX",2019-06-17,Main,6000000000,972000000000
BOLT,Garuda Metalindo Tbk.,Consumer Cyclicals,Automobiles & Components,Auto Components,Auto Parts & Equipment,E111,"COMPOSITE, DBX, IDXCYCLIC, IDXSMC-COM, ISSI",2015-07-07,Development,2343750000,1886718750000
BOSS,Borneo Olah Sarana Sukses Tbk.,Energy,"Oil, Gas & Coal",Coal,Coal Production,A121,"COMPOSITE, IDXENERGY",2018-02-15,Watchlist,1400000000,70000000000
BPFI,Woori Finance Indonesia Tbk.,Financials,Financing Service,Consumer Financing,Consumer Financing,G211,"COMPOSITE, DBX, IDXFINANCE",2009-06-01,Development,2673995362,695238794120
BPII,Batavia Prosperindo Internasio,Financials,Holding & Investment Companies,Holding & Investment Companies,Financial Holdings,G511,"COMPOSITE, DBX, IDXFINANCE, IDXSMC-COM",2014-07-08,Development,9884153240,4289722506160
BPTR,Batavia Prosperindo Trans Tbk.,Transportation & Logistic,Transportation,Passenger Land Transportation,Road Transportation,K132,"COMPOSITE, DBX, IDXTRANS",2018-07-09,Development,3534000000,265050000000
BRAM,Indo Kordsa Tbk.,Consumer Cyclicals,Automobiles & Components,Auto Components,Tires,E112,"COMPOSITE, DBX, IDXCYCLIC, IDXSMC-COM, ISSI",1990-09-05,Development,450056980,2025256410000
BREN,Barito Renewables Energy Tbk.,Infrastructures,Utilities,Electric Utilities,Electric Utilities,J411,"COMPOSITE, IDXINFRA, IDXLQ45LCL, KOMPAS100, MBX",2023-10-09,Main,133786220000,448183837000000
BRIS,Bank Syariah Indonesia (Perser,Financials,Banks,Banks,Banks,G111,"COMPOSITE, ECONOMIC30, I-GRADE, IDXBUMN20, IDXFINANCE, IDXMESBUMN, IDXSHAGROW, INFOBANK15, Investor33, ISSI, JII, JII70, KOMPAS100, MBX, MNC36, PRIMBANK10",2018-05-09,Main,45667877639,83115537302980
BRMS,Bumi Resources Minerals Tbk.,Basic Materials,Basic Materials,Metals & Minerals,Diversified Metals & Minerals,B146,"BISNIS-27, COMPOSITE, ECONOMIC30, IDX80, IDXBASIC, ISSI, JII, JII70, KOMPAS100, MBX, MNC36",2010-12-09,Main,141784040338,79399062589280
BRNA,Berlina Tbk.,Basic Materials,Basic Materials,Containers & Packaging,Containers & Packaging,B131,"COMPOSITE, DBX, IDXBASIC, ISSI",1989-11-06,Development,979110000,582570450000
BRPT,Barito Pacific Tbk.,Basic Materials,Basic Materials,Chemicals,Basic Chemicals,B111,"COMPOSITE, ECONOMIC30, I-GRADE, IDX30, IDX80, IDXBASIC, IDXESGL, IDXLQ45LCL, Investor33, KOMPAS100, LQ45, MBX",1993-10-01,Main,93747218044,172963617291180
BRRC,Raja Roti Cemerlang Tbk.,Consumer Non-Cyclicals,Food & Beverage,Processed Foods,Processed Foods,D222,"COMPOSITE, DBX, IDXNONCYC, ISSI",2025-01-09,Development,994603036,56692373052
BSBK,Wulandari Bangun Laksana Tbk.,Properties & Real Estate,Properties & Real Estate,Real Estate Management & Development,Real Estate Development & Management,H111,"COMPOSITE, DBX, IDXPROPERT, IDXSMC-COM, ISSI",2022-11-08,Development,25091882375,1304777883500
BSDE,Bumi Serpong Damai Tbk.,Properties & Real Estate,Properties & Real Estate,Real Estate Management & Development,Real Estate Development & Management,H111,"COMPOSITE, ESGSKEHATI, I-GRADE, IDX80, IDXESGL, IDXPROPERT, IDXSMC-COM, IDXSMC-LIQ, IDXV30, ISSI, JII70, KOMPAS100, MBX",2008-06-06,Main,21171365812,12067678512840
BSIM,Bank Sinarmas Tbk.,Financials,Banks,Banks,Banks,G111,"COMPOSITE, IDXFINANCE, IDXSMC-COM, MBX",2010-12-13,Main,19517921842,13857724507820
BSML,Bintang Samudera Mandiri Lines,Energy,"Oil, Gas & Coal",Coal,Coal Distribution,A122,"COMPOSITE, DBX, IDXENERGY, ISSI",2021-12-16,Development,1850225000,971368125000
BSSR,Baramulti Suksessarana Tbk.,Energy,"Oil, Gas & Coal",Coal,Coal Production,A121,"COMPOSITE, IDXENERGY, IDXSMC-COM, ISSI, MBX",2012-11-08,Main,2616500000,11250950000000
BSWD,Bank Of India Indonesia Tbk.,Financials,Banks,Banks,Banks,G111,"COMPOSITE, IDXFINANCE, IDXSMC-COM",2002-05-01,Watchlist,3651978177,4108475449125
BTEK,Bumi Teknokultura Unggul Tbk,Consumer Non-Cyclicals,Food & Beverage,Agricultural Products,Plantations & Crops,D232,"COMPOSITE, IDXNONCYC, IDXSMC-COM",2004-05-14,Watchlist,46277496376,509052460136
BTEL,Bakrie Telecom Tbk.,Infrastructures,Telecommunication,Wireless Telecommunication Services,Wireless Telecommunication Services,J321,"COMPOSITE, IDXINFRA, IDXSMC-COM",2006-02-03,Watchlist,38330244255,1916512212750
BTON,Betonjaya Manunggal Tbk.,Basic Materials,Basic Materials,Metals & Minerals,Iron & Steel,B144,"COMPOSITE, DBX, IDXBASIC",2001-07-18,Development,720000000,259200000000
BTPN,Bank SMBC Indonesia Tbk.,Financials,Banks,Banks,Banks,G111,"COMPOSITE, IDXFINANCE, IDXSMC-COM, MBX",2008-03-12,Main,10536203690,23074286081100
BTPS,Bank BTPN Syariah Tbk.,Financials,Banks,Banks,Banks,G111,"COMPOSITE, ESGQKEHATI, IDXFINANCE, IDXQ30, IDXSMC-COM, IDXSMC-LIQ, IDXV30, INFOBANK15, ISSI, JII70, KOMPAS100, MBX",2018-05-08,Main,7626663000,7550396370000
BUAH,Segar Kumala Indonesia Tbk.,Consumer Non-Cyclicals,Food & Staples Retailing,Food & Staples Retailing,Food Retail & Distributors,D112,"COMPOSITE, DBX, IDXNONCYC, IDXSMC-COM, ISSI",,Development,2000000000,1000000000000
BUDI,Budi Starch & Sweetener Tbk.,Consumer Non-Cyclicals,Food & Beverage,Processed Foods,Processed Foods,D222,"COMPOSITE, IDXNONCYC, ISSI, MBX",1995-05-08,Main,4498997362,980781424916
BUKA,Bukalapak.com Tbk.,Technology,Software & IT Services,Online Applications & Services,Online Applications & Services,I111,"COMPOSITE, IDX80, IDXESGL, IDXSMC-COM, IDXSMC-LIQ, IDXTECHNO, IDXV30, KOMPAS100, MBX",,Ekonomi Baru,103167090767,12173716710506
BUKK,Bukaka Teknik Utama Tbk.,Infrastructures,Heavy Constructions & Civil Engineering,Heavy Constructions & Civil Engineering,Heavy Constructions & Civil Engineering,J211,"COMPOSITE, DBX, IDXINFRA, IDXSMC-COM",2015-06-29,Development,2640452000,2746070080000
BULL,Buana Lintas Lautan Tbk.,Energy,"Oil, Gas & Coal",Oil & Gas,Oil & Gas Storage & Distribution,A112,"COMPOSITE, DBX, IDXENERGY, IDXSMC-COM, ISSI, KOMPAS100",2011-05-23,Development,15494436593,7034474213222
BUMI,Bumi Resources Tbk.,Energy,"Oil, Gas & Coal",Coal,Coal Production,A121,"BISNIS-27, COMPOSITE, I-GRADE, IDX30, IDX80, IDXENERGY, IDXSHAGROW, ISSI, JII, JII70, KOMPAS100, LQ45, MBX, MNC36",1990-07-30,Main,371335392068,61270339691220
BUVA,Bukit Uluwatu Villa Tbk.,Consumer Cyclicals,Consumer Services,Tourism & Recreation,"Hotels, Resorts & Cruise Lines",E512,"COMPOSITE, DBX, IDXCYCLIC, IDXSMC-COM, KOMPAS100",2010-07-12,Development,24617054642,21663008084960
BVIC,Bank Victoria International Tb,Financials,Banks,Banks,Banks,G111,"COMPOSITE, IDXFINANCE, IDXSMC-COM, MBX",1999-06-30,Main,18235266754,1695879808122
BWPT,Eagle High Plantations Tbk.,Consumer Non-Cyclicals,Food & Beverage,Agricultural Products,Plantations & Crops,D232,"COMPOSITE, ESGSKEHATI, IDXNONCYC, IDXSMC-COM, ISSI, MBX",2009-10-27,Main,31525291000,2805750899000
BYAN,Bayan Resources Tbk.,Energy,"Oil, Gas & Coal",Coal,Coal Production,A121,"COMPOSITE, IDXENERGY, ISSI, MBX",,Main,33333335000,400833353375000
CAKK,Cahayaputra Asa Keramik Tbk.,Industrials,Industrial Goods,Building Products & Fixtures,Building Products & Fixtures,C121,"COMPOSITE, DBX, IDXINDUST, ISSI",2018-10-31,Development,1203300219,161242229346
CAMP,Campina Ice Cream Industry Tbk,Consumer Non-Cyclicals,Food & Beverage,Processed Foods,Dairy Products,D221,"COMPOSITE, DBX, IDXNONCYC, IDXSMC-COM, ISSI",2017-12-19,Development,5885000000,1000450000000
CANI,Capitol Nusantara Indonesia Tb,Energy,"Oil, Gas & Coal",Coal,Coal Distribution,A122,"COMPOSITE, IDXENERGY, ISSI",2014-01-16,Watchlist,833440000,112514400000
CARE,Metro Healthcare Indonesia Tbk,Healthcare,Healthcare Equipment & Providers,Healthcare Providers,Healthcare Providers,F121,"COMPOSITE, DBX, IDXHEALTH, IDXSMC-COM, ISSI",2020-03-13,Development,33250000000,14031500000000
CARS,Industri dan Perdagangan Bintr,Consumer Cyclicals,Retailing,Specialty Retail,Automotive Retail,E745,"COMPOSITE, ESGSKEHATI, IDXCYCLIC, IDXSMC-COM, MBX",2017-04-10,Main,15000000000,1365000000000
CASA,Capital Financial Indonesia Tb,Financials,Holding & Investment Companies,Holding & Investment Companies,Financial Holdings,G511,"COMPOSITE, DBX, IDXFINANCE",2016-07-19,Development,54476269803,99691573739490
CASH,Cashlez Worldwide Indonesia Tb,Technology,Software & IT Services,Online Applications & Services,Online Applications & Services,I111,ABX,2020-05-04,Acceleration,2427802216,563250114112
CASS,Cahaya Aero Services Tbk.,Infrastructures,Transportation Infrastructure,Transport Infrastructure Operator,Airport Operators,J111,"COMPOSITE, IDXINFRA, IDXSMC-COM, ISSI, MBX",2011-12-05,Main,2086950000,3965205000000
CBDK,Bangun Kosambi Sukses Tbk.,Properties & Real Estate,Properties & Real Estate,Real Estate Management & Development,Real Estate Development & Management,H111,"COMPOSITE, IDX80, IDXPROPERT, IDXSMC-COM, KOMPAS100, MBX",2025-01-13,Main,5668944500,21485299655000
CBMF,Cahaya Bintang Medan Tbk.,Consumer Cyclicals,Household Goods,Household Goods,Home Furnishings,E211,"COMPOSITE, IDXCYCLIC",2020-04-09,Watchlist,1875000000,93750000000
CBPE,Citra Buana Prasida Tbk.,Properties & Real Estate,Properties & Real Estate,Real Estate Management & Development,Real Estate Development & Management,H111,"COMPOSITE, DBX, IDXPROPERT",2023-01-06,Development,1356250000,447562500000
CBRE,Cakra Buana Resources Energi T,Energy,"Oil, Gas & Coal",Coal,Coal Distribution,A122,"COMPOSITE, DBX, IDXENERGY, IDXSMC-COM",2023-01-09,Development,4538067441,3085885859880
CBUT,Citra Borneo Utama Tbk.,Consumer Non-Cyclicals,Food & Beverage,Agricultural Products,Plantations & Crops,D232,"COMPOSITE, IDXNONCYC, IDXSMC-COM, MBX",2022-11-08,Main,3125000000,2578125000000
CCSI,Communication Cable Systems In,Industrials,Industrial Goods,Electrical,Electrical Components & Equipment,C131,"COMPOSITE, DBX, IDXINDUST, ISSI",2019-06-18,Development,1333333331,319999999440
CDIA,Chandra Daya Investasi Tbk.,Infrastructures,Utilities,Electric Utilities,Electric Utilities,J411,"COMPOSITE, DBX, IDXINFRA",2025-07-09,Development,124829374700,81763240428500
CEKA,Wilmar Cahaya Indonesia Tbk.,Consumer Non-Cyclicals,Food & Beverage,Processed Foods,Processed Foods,D222,"COMPOSITE, DBX, IDXNONCYC, IDXSMC-COM, ISSI",1996-07-09,Development,595000000,1309000000000
CENT,Centratama Telekomunikasi Indo,Infrastructures,Telecommunication,Wireless Telecommunication Services,Wireless Telecommunication Services,J321,"COMPOSITE, DBX, IDXINFRA, IDXSMC-COM",2001-11-01,Development,31183464900,2525860656900
CFIN,Clipan Finance Indonesia Tbk.,Financials,Financing Service,Consumer Financing,Consumer Financing,G211,"COMPOSITE, IDXFINANCE, IDXSMC-COM, MBX",,Main,3984520457,1370675037208
CGAS,Citra Nusantara Gemilang Tbk.,Energy,"Oil, Gas & Coal",Oil & Gas,Oil & Gas Storage & Distribution,A112,"COMPOSITE, DBX, IDXENERGY, ISSI",2024-01-08,Development,1771499039,274582351045
CHEK,Diastika Biotekindo Tbk.,Healthcare,Healthcare Equipment & Providers,Healthcare Equipment & Supplies,Healthcare Supplies & Distributions,F112,"COMPOSITE, DBX, IDXHEALTH, ISSI",2025-07-10,Development,4113331485,551186418990
CHEM,Chemstar Indonesia Tbk.,Basic Materials,Basic Materials,Chemicals,Basic Chemicals,B111,"COMPOSITE, DBX, IDXBASIC, ISSI",2022-07-08,Development,1700014594,108800934016
CHIP,Pelita Teknologi Global Tbk.,Technology,Technology Hardware & Equipment,"Electronic Equipment, Instruments & Components",Electronic Equipment & Instruments,I231,ABX,2023-02-08,Acceleration,806000000,737490000000
CINT,Chitose Internasional Tbk.,Consumer Cyclicals,Household Goods,Household Goods,Home Furnishings,E211,"COMPOSITE, DBX, IDXCYCLIC, ISSI",2014-06-27,Development,1000000000,177000000000
CITA,Cita Mineral Investindo Tbk.,Basic Materials,Basic Materials,Metals & Minerals,Aluminum,B141,"COMPOSITE, IDXBASIC, IDXSMC-COM, ISSI, MBX",2002-03-20,Main,3960361250,12871174062500
CITY,Natura City Developments Tbk.,Properties & Real Estate,Properties & Real Estate,Real Estate Management & Development,Real Estate Development & Management,H111,"COMPOSITE, DBX, IDXPROPERT, IDXSMC-COM, ISSI",2018-09-28,Development,5405188966,918882124220
CLAY,Citra Putra Realty Tbk.,Consumer Cyclicals,Consumer Services,Tourism & Recreation,"Hotels, Resorts & Cruise Lines",E512,"COMPOSITE, DBX, IDXCYCLIC, IDXSMC-COM",2019-01-18,Development,2570000000,6682000000000
CLEO,Sariguna Primatirta Tbk.,Consumer Non-Cyclicals,Food & Beverage,Beverages,Soft Drinks,D212,"COMPOSITE, IDXNONCYC, IDXSMC-COM, ISSI, MBX",2017-05-05,Main,24000000000,9264000000000
CLPI,Colorpak Indonesia Tbk.,Basic Materials,Basic Materials,Chemicals,Specialty Chemicals,B113,"COMPOSITE, DBX, IDXBASIC, ISSI",2001-11-30,Development,306338500,484014830000
CMNP,Citra Marga Nusaphala Persada,Infrastructures,Transportation Infrastructure,Transport Infrastructure Operator,Highways & Railtracks,J112,"COMPOSITE, IDXINFRA, IDXSMC-COM, ISSI, MBX",1995-01-10,Main,6696354391,8973114883940
CMNT,Cemindo Gemilang Tbk.,Basic Materials,Basic Materials,Construction Materials,Construction Materials,B121,"COMPOSITE, DBX, IDXBASIC, IDXSMC-COM",2021-09-08,Development,17125504000,13700403200000
CMPP,AirAsia Indonesia Tbk.,Transportation & Logistic,Transportation,Airlines,Airlines,K111,"COMPOSITE, IDXTRANS, ISSI",1994-12-08,Watchlist,10685124441,737273586429
CMRY,Cisarua Mountain Dairy Tbk.,Consumer Non-Cyclicals,Food & Beverage,Processed Foods,Dairy Products,D221,"COMPOSITE, ESGQKEHATI, ESGSKEHATI, IDX80, IDXESGL, IDXNONCYC, IDXQ30, IDXSMC-COM, IDXSMC-LIQ, ISSI, JII70, KOMPAS100, MBX, MNC36",2021-12-06,Main,7934683000,36499541800000
CNKO,Exploitasi Energi Indonesia Tb,Energy,"Oil, Gas & Coal",Coal,Coal Distribution,A122,"COMPOSITE, IDXENERGY",2001-11-20,Watchlist,8956361206,331385364622
CNMA,Nusantara Sejahtera Raya Tbk.,Consumer Cyclicals,Consumer Services,Tourism & Recreation,Recreational & Sports Facilities,E514,"COMPOSITE, DBX, IDXCYCLIC, IDXSMC-COM, IDXSMC-LIQ, ISSI",,Development,83345000000,7584395000000
COAL,Black Diamond Resources Tbk.,Energy,"Oil, Gas & Coal",Coal,Coal Production,A121,"COMPOSITE, IDXENERGY, ISSI",2022-09-07,Development,6250000000,131250000000
COCO,Wahana Interfood Nusantara Tbk,Consumer Non-Cyclicals,Food & Beverage,Processed Foods,Processed Foods,D222,"COMPOSITE, DBX, IDXNONCYC, IDXSMC-COM",2019-03-20,Development,14237823696,1580398430256
COIN,Indokripto Koin Semesta Tbk.,Financials,Holding & Investment Companies,Holding & Investment Companies,Financial Holdings,G511,"COMPOSITE, DBX, IDXFINANCE",2025-07-09,Development,14705882400,9632352972000
COWL,Cowell Development Tbk.,Properties & Real Estate,Properties & Real Estate,Real Estate Management & Development,Real Estate Development & Management,H111,"COMPOSITE, IDXPROPERT",2007-12-19,Watchlist,4871214021,243560701050
CPIN,Charoen Pokphand Indonesia Tbk,Consumer Non-Cyclicals,Food & Beverage,Agricultural Products,"Fish, Meat, & Poultry",D231,"BISNIS-27, COMPOSITE, IDX30, IDX80, IDXLQ45LCL, IDXNONCYC, IDXQ30, IDXVESTA28, Investor33, ISSI, JII, JII70, KOMPAS100, LQ45, MBX, MNC36",1991-03-18,Main,16398000000,53949420000000
CPRI,Capri Nusa Satu Properti Tbk.,Properties & Real Estate,Properties & Real Estate,Real Estate Management & Development,Real Estate Development & Management,H111,"COMPOSITE, IDXPROPERT",2019-04-11,Watchlist,2433379958,121668997900
CPRO,Central Proteina Prima Tbk.,Consumer Non-Cyclicals,Food & Beverage,Agricultural Products,"Fish, Meat, & Poultry",D231,"COMPOSITE, DBX, IDXNONCYC, IDXSMC-COM, ISSI",2006-11-28,Development,59572382787,3038191522137
CRAB,Toba Surimi Industries Tbk.,Consumer Non-Cyclicals,Food & Beverage,Agricultural Products,"Fish, Meat, & Poultry",D231,"COMPOSITE, DBX, IDXNONCYC",,Development,1950000000,405600000000
CRSN,Carsurin Tbk.,Industrials,Industrial Services,Professional Services,Research & Consulting Services,C232,"COMPOSITE, DBX, IDXINDUST, ISSI",2023-07-10,Development,2892000000,312336000000
CSAP,Catur Sentosa Adiprana Tbk.,Consumer Cyclicals,Retailing,Specialty Retail,Home Improvement Retail,E743,"COMPOSITE, IDXCYCLIC, IDXSMC-COM, ISSI",2007-12-12,Development,5683175151,1648120793790
CSIS,Cahayasakti Investindo Sukses,Properties & Real Estate,Properties & Real Estate,Real Estate Management & Development,Real Estate Development & Management,H111,"COMPOSITE, DBX, IDXPROPERT, ISSI",2017-05-10,Development,1829802981,333024119064
CSMI,Cipta Selera Murni Tbk.,Consumer Cyclicals,Consumer Services,Tourism & Recreation,Restaurants,E515,"COMPOSITE, DBX, IDXCYCLIC, ISSI",2020-04-09,Development,816061500,60388551000
CSRA,Cisadane Sawit Raya Tbk.,Consumer Non-Cyclicals,Food & Beverage,Agricultural Products,Plantations & Crops,D232,"COMPOSITE, DBX, IDXNONCYC, IDXSMC-COM, ISSI",2020-01-09,Development,2050000000,1527250000000
CTBN,Citra Tubindo Tbk.,Basic Materials,Basic Materials,Metals & Minerals,Iron & Steel,B144,"COMPOSITE, DBX, IDXBASIC, IDXSMC-COM, ISSI",1989-11-28,Development,800371500,3377567730000
CTRA,Ciputra Development Tbk.,Properties & Real Estate,Properties & Real Estate,Real Estate Management & Development,Real Estate Development & Management,H111,"COMPOSITE, ECONOMIC30, ESGQKEHATI, ESGSKEHATI, IDX80, IDXESGL, IDXG30, IDXLQ45LCL, IDXPROPERT, IDXQ30, IDXSMC-COM, IDXSMC-LIQ, IDXV30, ISSI, JII70, KOMPAS100, MBX",1994-03-28,Main,18535695255,10658024771625
CTTH,Citatah Tbk.,Industrials,Industrial Goods,Building Products & Fixtures,Building Products & Fixtures,C121,"COMPOSITE, IDXINDUST",1996-07-03,Development,1230839821,153854977625
CUAN,Petrindo Jaya Kreasi Tbk.,Energy,"Oil, Gas & Coal",Coal,Coal Production,A121,"COMPOSITE, I-GRADE, IDX80, IDXENERGY, KOMPAS100, LQ45, MBX",2023-03-08,Main,112418900000,74758568500000
CYBR,ITSEC Asia Tbk.,Technology,Software & IT Services,IT Services & Consulting,IT Services & Consulting,I121,"COMPOSITE, DBX, IDXSMC-COM, IDXTECHNO, ISSI",,Development,13482365704,7346981665680
DAAZ,Daaz Bara Lestari Tbk.,Basic Materials,Basic Materials,Metals & Minerals,Diversified Metals & Minerals,B146,"COMPOSITE, IDXBASIC, IDXSMC-COM, MBX",2024-11-11,Main,1997000000,3035440000000
DADA,Diamond Citra Propertindo Tbk.,Properties & Real Estate,Properties & Real Estate,Real Estate Management & Development,Real Estate Development & Management,H111,"COMPOSITE, DBX, IDXPROPERT, ISSI",2020-02-14,Development,7431530800,371576540000
DART,Duta Anggada Realty Tbk.,Properties & Real Estate,Properties & Real Estate,Real Estate Management & Development,Real Estate Development & Management,H111,"COMPOSITE, DBX, IDXPROPERT",1990-05-08,Development,3141390962,395815261212
DATA,Remala Abadi Tbk.,Infrastructures,Telecommunication,Telecommunication Service,Wired Telecommunication Service,J311,"COMPOSITE, DBX, IDXINFRA, IDXSMC-COM, ISSI",2024-05-07,Development,1375000000,2832500000000
DAYA,Duta Intidaya Tbk.,Consumer Non-Cyclicals,Food & Staples Retailing,Food & Staples Retailing,Drug Retail & Distributors,D111,"COMPOSITE, DBX, IDXNONCYC, IDXSMC-COM, ISSI",2016-06-28,Development,2420547025,2396341554750
DCII,DCI Indonesia Tbk.,Technology,Software & IT Services,IT Services & Consulting,IT Services & Consulting,I121,"COMPOSITE, DBX, IDXTECHNO, ISSI",2021-01-06,Development,2383745900,456129777965000
DEAL,Dewata Freightinternational Tb,Transportation & Logistic,Logistics & Deliveries,Logistics & Deliveries,Logistics & Deliveries,K211,"COMPOSITE, IDXTRANS",2018-11-11,Watchlist,1146170959,6877025754
DEFI,Danasupra Erapacific Tbk.,Financials,Holding & Investment Companies,Holding & Investment Companies,Investment Companies,G512,"COMPOSITE, DBX, IDXFINANCE, ISSI",2001-07-06,Development,687266666,72162999930
DEPO,Caturkarda Depo Bangunan Tbk.,Consumer Cyclicals,Retailing,Specialty Retail,Home Improvement Retail,E743,"COMPOSITE, DBX, IDXCYCLIC, IDXSMC-COM, ISSI",2021-11-25,Development,6790000000,1643180000000
DEWA,Darma Henwa Tbk,Energy,"Oil, Gas & Coal","Oil, Gas & Coal Supports","Oil, Gas & Coal Equipment & Services",A132,"BISNIS-27, COMPOSITE, IDX80, IDXENERGY, IDXSMC-COM, IDXSMC-LIQ, ISSI, JII, JII70, KOMPAS100, LQ45, MBX",2007-09-26,Main,40687434244,18716219752240
DEWI,Dewi Shri Farmindo Tbk.,Consumer Non-Cyclicals,Food & Beverage,Agricultural Products,"Fish, Meat, & Poultry",D231,"COMPOSITE, DBX, IDXNONCYC, ISSI",2022-07-18,Development,2000000000,238000000000
DFAM,Dafam Property Indonesia Tbk.,Consumer Cyclicals,Consumer Services,Tourism & Recreation,"Hotels, Resorts & Cruise Lines",E512,"COMPOSITE, DBX, IDXCYCLIC",2018-04-27,Development,1899852850,151988228000
DGIK,Nusa Konstruksi Enjiniring Tbk,Infrastructures,Heavy Constructions & Civil Engineering,Heavy Constructions & Civil Engineering,Heavy Constructions & Civil Engineering,J211,"COMPOSITE, DBX, IDXINFRA, ISSI",2007-12-19,Development,5541165000,709269120000
DGNS,Diagnos Laboratorium Utama Tbk,Healthcare,Healthcare Equipment & Providers,Healthcare Providers,Healthcare Providers,F121,"COMPOSITE, DBX, IDXHEALTH, ISSI",2021-01-15,Development,1375000000,319000000000
DGWG,Delta Giri Wacana Tbk.,Basic Materials,Basic Materials,Chemicals,Agricultural Chemicals,B112,"COMPOSITE, IDXBASIC, IDXSMC-COM, ISSI, MBX",2025-01-13,Main,5882353000,1670588252000
DIGI,Arkadia Digital Media Tbk.,Consumer Cyclicals,Media & Entertainment,Media,Consumer Publishing,E614,"COMPOSITE, IDXCYCLIC",2018-09-18,Watchlist,1625000000,47125000000
DILD,Intiland Development Tbk.,Properties & Real Estate,Properties & Real Estate,Real Estate Management & Development,Real Estate Development & Management,H111,"COMPOSITE, IDXPROPERT, IDXSMC-COM, ISSI, MBX",1991-09-04,Main,10365854185,1212804939645
DIVA,Distribusi Voucher Nusantara T,Technology,Software & IT Services,Online Applications & Services,Online Applications & Services,I111,"COMPOSITE, DBX, IDXTECHNO, ISSI",2018-11-27,Development,1428571400,174285710800
DKFT,Central Omega Resources Tbk.,Basic Materials,Basic Materials,Metals & Minerals,Diversified Metals & Minerals,B146,"COMPOSITE, IDXBASIC, IDXSHAGROW, IDXSMC-COM, ISSI, JII70, MBX",1997-11-21,Main,5638246600,3721242756000
DKHH,Cipta Sarana Medika Tbk.,Healthcare,Healthcare Equipment & Providers,Healthcare Providers,Healthcare Providers,F121,"COMPOSITE, DBX, IDXHEALTH",2025-05-08,Development,2550312624,158119382688
DLTA,Delta Djakarta Tbk.,Consumer Non-Cyclicals,Food & Beverage,Beverages,Liquors,D211,"COMPOSITE, IDXNONCYC, IDXSMC-COM, MBX",1984-02-27,Main,800659050,1425173109000
DMAS,Puradelta Lestari Tbk.,Properties & Real Estate,Properties & Real Estate,Real Estate Management & Development,Real Estate Development & Management,H111,"COMPOSITE, IDXPROPERT, IDXSMC-COM, ISSI, MBX",2015-05-29,Main,48198111100,7133320442800
DMMX,Digital Mediatama Maxima Tbk.,Technology,Software & IT Services,IT Services & Consulting,IT Services & Consulting,I121,"COMPOSITE, DBX, IDXSMC-COM, IDXTECHNO, ISSI",2019-10-21,Development,7692307700,1430769232200
DMND,Diamond Food Indonesia Tbk.,Consumer Non-Cyclicals,Food & Staples Retailing,Food & Staples Retailing,Food Retail & Distributors,D112,"COMPOSITE, IDXNONCYC, IDXSMC-COM, ISSI, MBX",2020-01-22,Main,9468359000,5917724375000
DNAR,Bank Oke Indonesia Tbk.,Financials,Banks,Banks,Banks,G111,"COMPOSITE, DBX, IDXFINANCE, IDXSMC-COM",2014-07-11,Development,16721891185,2073514506940
DNET,Indoritel Makmur Internasional,Financials,Holding & Investment Companies,Holding & Investment Companies,Investment Companies,G512,"COMPOSITE, IDXFINANCE, MBX",2000-12-11,Main,14184000000,139003200000000
DOID,BUMA Internasional Grup Tbk.,Energy,"Oil, Gas & Coal","Oil, Gas & Coal Supports","Oil, Gas & Coal Equipment & Services",A132,"COMPOSITE, DBX, IDXENERGY, IDXSMC-COM",2001-06-15,Development,7651007132,1667919554776
DOOH,Era Media Sejahtera Tbk.,Consumer Cyclicals,Media & Entertainment,Media,Advertising,E611,"COMPOSITE, DBX, IDXCYCLIC, IDXSMC-COM, ISSI",2023-05-08,Development,7738891036,1919244976928
DOSS,Global Sukses Digital Tbk.,Consumer Cyclicals,Leisure Goods,Consumer Electronics,Consumer Electronics,E311,"COMPOSITE, DBX, IDXCYCLIC, ISSI",,Development,1725000000,281175000000
DPNS,Duta Pertiwi Nusantara Tbk.,Basic Materials,Basic Materials,Chemicals,Specialty Chemicals,B113,"COMPOSITE, DBX, IDXBASIC",,Development,331129952,102650285120
DPUM,Dua Putra Utama Makmur Tbk.,Consumer Non-Cyclicals,Food & Beverage,Agricultural Products,"Fish, Meat, & Poultry",D231,"COMPOSITE, DBX, IDXNONCYC, IDXSMC-COM",2015-12-08,Development,4175000000,409150000000
DRMA,Dharma Polimetal Tbk.,Consumer Cyclicals,Automobiles & Components,Auto Components,Auto Parts & Equipment,E111,"COMPOSITE, IDXCYCLIC, IDXSMC-COM, ISSI, MBX",2021-12-20,Main,4705882300,4517647008000
DSFI,Dharma Samudera Fishing Indust,Consumer Non-Cyclicals,Food & Beverage,Agricultural Products,"Fish, Meat, & Poultry",D231,"COMPOSITE, DBX, IDXNONCYC, ISSI",2000-03-24,Development,1857135500,148570840000
DSNG,Dharma Satya Nusantara Tbk.,Consumer Non-Cyclicals,Food & Beverage,Agricultural Products,Plantations & Crops,D232,"COMPOSITE, ESGQKEHATI, ESGSKEHATI, IDX80, IDXG30, IDXNONCYC, IDXQ30, IDXSHAGROW, IDXSMC-COM, IDXSMC-LIQ, IDXV30, IDXVESTA28, ISSI, JII70, KOMPAS100, MBX, SRI-KEHATI",2013-06-14,Main,10599842400,14150789604000
DSSA,Dian Swastatika Sentosa Tbk,Energy,"Oil, Gas & Coal",Coal,Coal Production,A121,"COMPOSITE, IDXENERGY, ISSI, KOMPAS100, MBX",2009-12-10,Main,192638080000,163742368000000
DUCK,Jaya Bersama Indo Tbk.,Consumer Cyclicals,Consumer Services,Tourism & Recreation,Restaurants,E515,"COMPOSITE, IDXCYCLIC",2018-10-10,Watchlist,1283330000,225866080000
DUTI,Duta Pertiwi Tbk,Properties & Real Estate,Properties & Real Estate,Real Estate Management & Development,Real Estate Development & Management,H111,"COMPOSITE, IDXPROPERT, IDXSMC-COM, ISSI",1994-11-02,Watchlist,1850000000,7936500000000
DVLA,Darya-Varia Laboratoria Tbk.,Healthcare,Pharmaceuticals & Health Care Research,Pharmaceuticals,Pharmaceuticals,F211,"COMPOSITE, DBX, IDXHEALTH, IDXSMC-COM, ISSI",1994-11-11,Development,1120000000,1792000000000
DWGL,Dwi Guna Laksana Tbk.,Energy,"Oil, Gas & Coal",Coal,Coal Distribution,A122,"COMPOSITE, DBX, IDXENERGY, IDXSMC-COM, ISSI",2017-12-13,Development,9252820991,3423543766670
DYAN,Dyandra Media International Tb,Industrials,Industrial Services,Commercial Services,Business Support Services,C224,"COMPOSITE, DBX, IDXINDUST, ISSI",2013-03-25,Development,4272964279,358928999436
EAST,Eastparc Hotel Tbk.,Consumer Cyclicals,Consumer Services,Tourism & Recreation,"Hotels, Resorts & Cruise Lines",E512,"COMPOSITE, DBX, IDXCYCLIC, ISSI",2019-07-09,Development,4126405336,379629290912
ECII,Electronic City Indonesia Tbk.,Consumer Cyclicals,Retailing,Specialty Retail,Electronics Retail,E742,"COMPOSITE, DBX, IDXCYCLIC, ISSI",2013-07-03,Development,1334333000,213493280000
EDGE,Indointernet Tbk.,Technology,Software & IT Services,IT Services & Consulting,IT Services & Consulting,I121,"COMPOSITE, DBX, IDXSMC-COM, IDXTECHNO",2021-02-08,Development,2020250000,9676997500000
EKAD,Ekadharma International Tbk.,Basic Materials,Basic Materials,Chemicals,Specialty Chemicals,B113,"COMPOSITE, DBX, IDXBASIC, ISSI",,Development,3493875000,593958750000
ELIT,Data Sinergitama Jaya Tbk.,Technology,Software & IT Services,IT Services & Consulting,IT Services & Consulting,I121,"COMPOSITE, DBX, IDXTECHNO, ISSI",2023-01-06,Development,2031643057,351474248861
ELPI,Pelayaran Nasional Ekalya Purn,Transportation & Logistic,Logistics & Deliveries,Logistics & Deliveries,Logistics & Deliveries,K211,"COMPOSITE, IDXSMC-COM, IDXTRANS, ISSI, MBX",,Main,9524420000,6857582400000
ELSA,Elnusa Tbk.,Energy,"Oil, Gas & Coal","Oil, Gas & Coal Supports",Oil & Gas Drilling Service,A131,"COMPOSITE, ESGQKEHATI, IDX80, IDXBUMN20, IDXENERGY, IDXMESBUMN, IDXSHAGROW, IDXSMC-COM, IDXSMC-LIQ, IDXV30, ISSI, JII70, KOMPAS100, MBX, SMinfra18",2008-02-06,Main,7298500000,5072457500000
ELTY,Bakrieland Development Tbk.,Properties & Real Estate,Properties & Real Estate,Real Estate Management & Development,Real Estate Development & Management,H111,"COMPOSITE, IDXPROPERT, IDXSMC-COM, ISSI",1995-10-30,Watchlist,43521913019,1392701216608
EMAS,Merdeka Gold Resources Tbk.,Basic Materials,Basic Materials,Metals & Minerals,Gold,B143,"COMPOSITE, DBX, IDXBASIC",2025-09-23,Development,14731366060,97227015996000
EMDE,Megapolitan Developments Tbk.,Properties & Real Estate,Properties & Real Estate,Real Estate Management & Development,Real Estate Development & Management,H111,"COMPOSITE, DBX, IDXPROPERT, ISSI",2011-01-12,Development,3350000000,231150000000
EMMI,Esa Medika Mandiri Tbk.,Healthcare,Healthcare Equipment & Providers,Healthcare Equipment & Supplies,Healthcare Equipment,F111,"COMPOSITE, DBX, IDXHEALTH",2026-07-08,Development,1742857000,735485654000
EMTK,Elang Mahkota Teknologi Tbk.,Technology,Software & IT Services,Online Applications & Services,Online Applications & Services,I111,"COMPOSITE, ESGQKEHATI, ESGSKEHATI, IDX30, IDX80, IDXESGL, IDXG30, IDXLQ45LCL, IDXTECHNO, IDXV30, IDXVESTA28, KOMPAS100, LQ45, MBX, SRI-KEHATI",2010-01-12,Main,61426451483,32556019285990
ENAK,Champ Resto Indonesia Tbk.,Consumer Cyclicals,Consumer Services,Tourism & Recreation,Restaurants,E515,"COMPOSITE, DBX, IDXCYCLIC, IDXSMC-COM, ISSI",2022-02-08,Development,2166666800,546000033600
ENRG,Energi Mega Persada Tbk.,Energy,"Oil, Gas & Coal",Oil & Gas,Oil & Gas Production & Refinery,A111,"COMPOSITE, I-GRADE, IDX80, IDXENERGY, IDXG30, IDXSHAGROW, IDXSMC-COM, IDXSMC-LIQ, ISSI, JII, JII70, KOMPAS100, MBX, MNC36",2004-06-07,Main,26564543750,34268261437500
ENVY,Envy Technologies Indonesia Tb,Technology,Software & IT Services,IT Services & Consulting,IT Services & Consulting,I121,"COMPOSITE, IDXTECHNO",2019-07-08,Watchlist,1800000000,90000000000
ENZO,Morenzo Abadi Perkasa Tbk.,Consumer Non-Cyclicals,Food & Beverage,Agricultural Products,"Fish, Meat, & Poultry",D231,"COMPOSITE, DBX, IDXNONCYC",2020-09-14,Development,2162547122,142728110052
EPAC,Megalestari Epack Sentosaraya,Basic Materials,Basic Materials,Containers & Packaging,Containers & Packaging,B131,"COMPOSITE, DBX, IDXBASIC, ISSI",2020-07-01,Development,3303400000,204810800000
EPMT,Enseval Putera Megatrading Tbk,Consumer Non-Cyclicals,Food & Staples Retailing,Food & Staples Retailing,Drug Retail & Distributors,D111,"COMPOSITE, IDXNONCYC, IDXSMC-COM, ISSI, MBX",,Main,2708640000,6392390400000
ERAA,Erajaya Swasembada Tbk.,Consumer Cyclicals,Retailing,Specialty Retail,Electronics Retail,E742,"COMPOSITE, ECONOMIC30, IDX80, IDXCYCLIC, IDXESGL, IDXG30, IDXHIDIV20, IDXSHAGROW, IDXSMC-COM, IDXSMC-LIQ, IDXV30, ISSI, JII70, KOMPAS100, MBX",2011-12-14,Main,15950000000,6699000000000
ERAL,Sinar Eka Selaras Tbk.,Consumer Cyclicals,Retailing,Specialty Retail,Electronics Retail,E742,"COMPOSITE, IDXCYCLIC, IDXSMC-COM, ISSI, MBX",,Main,5187500000,1587375000000
ERTX,Eratex Djaja Tbk.,Consumer Cyclicals,Apparel & Luxury Goods,Apparel & Luxury Goods,"Clothing, Accessories & Bags",E411,"COMPOSITE, DBX, IDXCYCLIC, ISSI",,Development,1286539792,225144463600
ESIP,Sinergi Inti Plastindo Tbk.,Basic Materials,Basic Materials,Containers & Packaging,Containers & Packaging,B131,"COMPOSITE, DBX, IDXBASIC, ISSI",2019-11-14,Development,1109953847,144294000110
ESSA,ESSA Industries Indonesia Tbk.,Basic Materials,Basic Materials,Chemicals,Basic Chemicals,B111,"COMPOSITE, ECONOMIC30, IDX80, IDXBASIC, IDXG30, IDXSHAGROW, IDXSMC-COM, IDXSMC-LIQ, IDXVESTA28, ISSI, JII70, KOMPAS100, LQ45, MBX",2012-02-01,Main,17226975700,11025264448000
ESTA,Esta Multi Usaha Tbk.,Consumer Cyclicals,Consumer Services,Tourism & Recreation,"Hotels, Resorts & Cruise Lines",E512,"COMPOSITE, DBX, IDXCYCLIC, ISSI",2020-03-09,Development,2425354179,475369419084
ESTI,Ever Shine Tex Tbk.,Consumer Cyclicals,Apparel & Luxury Goods,Apparel & Luxury Goods,Textiles,E413,"COMPOSITE, DBX, IDXCYCLIC",1992-10-13,Development,2015208720,316387769040
ETWA,Eterindo Wahanatama Tbk,Energy,Alternative Energy,Alternative Fuels,Alternative Fuels,A221,"COMPOSITE, IDXBASIC",1997-05-16,Watchlist,4668671400,326806998000
EURO,Estee Gold Feet Tbk.,Consumer Non-Cyclicals,Nondurable Household Products,Personal Care Products,Personal Care Products,D421,ABX,,Acceleration,2548826428,4944723270320
EXCL,XLSMART Telecom Sejahtera Tbk.,Infrastructures,Telecommunication,Wireless Telecommunication Services,Wireless Telecommunication Services,J321,"COMPOSITE, IDX80, IDXESGL, IDXINFRA, IDXLQ45LCL, ISSI, JII, JII70, KOMPAS100, LQ45, MBX",2005-09-29,Main,18199862451,44407664380440
FAPA,FAP Agri Tbk.,Consumer Non-Cyclicals,Food & Beverage,Agricultural Products,Plantations & Crops,D232,"COMPOSITE, DBX, IDXNONCYC, IDXSMC-COM",2021-01-04,Development,3629411800,26676176730000
FAST,Fast Food Indonesia Tbk.,Consumer Cyclicals,Consumer Services,Tourism & Recreation,Restaurants,E515,"COMPOSITE, DBX, IDXCYCLIC, IDXSMC-COM, ISSI",1993-05-11,Development,4523610492,1592310893184
FASW,Fajar Surya Wisesa Tbk.,Basic Materials,Basic Materials,Containers & Packaging,Containers & Packaging,B131,"COMPOSITE, IDXBASIC, IDXSMC-COM, ISSI",1994-12-19,Watchlist,3221255423,16992122356325
FILM,MD Entertainment Tbk.,Consumer Cyclicals,Media & Entertainment,Entertainment & Movie Production,Entertainment & Movie Production,E621,"COMPOSITE, IDXCYCLIC, ISSI, KOMPAS100, MBX",,Main,10887566758,11540820763480
FIMP,Fimperkasa Utama Tbk.,Infrastructures,Heavy Constructions & Civil Engineering,Heavy Constructions & Civil Engineering,Heavy Constructions & Civil Engineering,J211,,2021-04-09,Watchlist,400000975,27600067275
FIRE,Alfa Energi Investama Tbk.,Energy,"Oil, Gas & Coal",Coal,Coal Distribution,A122,"COMPOSITE, DBX, IDXENERGY, ISSI",2017-06-09,Development,1475363179,157863860153
FISH,FKS Multi Agro Tbk.,Consumer Non-Cyclicals,Food & Beverage,Agricultural Products,Plantations & Crops,D232,"COMPOSITE, IDXNONCYC, IDXSMC-COM, ISSI, MBX",2002-01-18,Main,4800000000,2952000000000
FITT,Hotel Fitra International Tbk.,Consumer Cyclicals,Consumer Services,Tourism & Recreation,"Hotels, Resorts & Cruise Lines",E512,"COMPOSITE, DBX, IDXCYCLIC",2019-06-11,Development,1304272051,456495217850
FLMC,Falmaco Nonwoven Industri Tbk.,Consumer Non-Cyclicals,Nondurable Household Products,Personal Care Products,Personal Care Products,D421,,2021-07-08,Acceleration,781250000,57031250000
FMII,Fortune Mate Indonesia Tbk,Properties & Real Estate,Properties & Real Estate,Real Estate Management & Development,Real Estate Development & Management,H111,"COMPOSITE, DBX, IDXPROPERT, IDXSMC-COM, ISSI",2000-06-30,Development,6400000000,1612800000000
FOLK,Multi Garam Utama Tbk.,Industrials,Multi-sector Holdings,Multi-sector Holdings,Multi-sector Holdings,C311,"COMPOSITE, DBX, IDXINDUST, IDXSMC-COM, ISSI",,Development,4091357544,859185084240
FOOD,Sentra Food Indonesia Tbk.,Consumer Non-Cyclicals,Food & Beverage,Processed Foods,Processed Foods,D222,"COMPOSITE, IDXNONCYC, ISSI",2019-01-08,Watchlist,650000000,114400000000
FORE,Fore Kopi Indonesia Tbk.,Consumer Non-Cyclicals,Food & Beverage,Beverages,Soft Drinks,D212,"COMPOSITE, DBX, IDXNONCYC, IDXSMC-COM, ISSI",2025-04-14,Development,8918359270,6153667896300
FORU,Fortune Indonesia Tbk,Consumer Cyclicals,Media & Entertainment,Media,Advertising,E611,"COMPOSITE, IDXCYCLIC",2002-01-17,Development,465224000,1349149600000
FPNI,Lotte Chemical Titan Tbk.,Basic Materials,Basic Materials,Chemicals,Basic Chemicals,B111,"COMPOSITE, DBX, IDXBASIC, IDXSMC-COM, ISSI",2002-03-21,Development,5566414000,2259964084000
FREN,Smartfren Telecom Tbk,Infrastructures,Telecommunication,Wireless Telecommunication Services,Wireless Telecommunication Services,J321,,,,,
FUJI,Fuji Finance Indonesia Tbk.,Financials,Financing Service,Consumer Financing,Consumer Financing,G211,"COMPOSITE, DBX, IDXFINANCE",2019-07-09,Development,1300000000,262600000000
FUTR,Futura Energi Global Tbk.,Consumer Cyclicals,Media & Entertainment,Media,Advertising,E611,"COMPOSITE, DBX, IDXCYCLIC, IDXSMC-COM",2023-02-27,Development,6635551959,1857954548520
FWCT,Wijaya Cahaya Timber Tbk.,Energy,"Oil, Gas & Coal",Oil & Gas,Oil & Gas Production & Refinery,A111,"COMPOSITE, DBX, IDXBASIC, ISSI",2023-02-01,Development,1963000000,182559000000
GAMA,Aksara Global Development Tbk.,Properties & Real Estate,Properties & Real Estate,Real Estate Management & Development,Real Estate Development & Management,H111,"COMPOSITE, IDXPROPERT",2012-07-11,Watchlist,10011027656,180198497808
GDST,Gunawan Dianjaya Steel Tbk.,Basic Materials,Basic Materials,Metals & Minerals,Iron & Steel,B144,"COMPOSITE, DBX, IDXBASIC, IDXSMC-COM, ISSI",2009-12-23,Development,9242500000,896522500000
GDYR,Goodyear Indonesia Tbk.,Consumer Cyclicals,Automobiles & Components,Auto Components,Tires,E112,"COMPOSITE, DBX, IDXCYCLIC, ISSI",1980-12-22,Development,410000000,448950000000
GEMA,Gema Grahasarana Tbk.,Consumer Cyclicals,Household Goods,Household Goods,Home Furnishings,E211,"COMPOSITE, DBX, IDXCYCLIC, ISSI",,Development,1600000000,129600000000
GEMS,Golden Energy Mines Tbk.,Energy,"Oil, Gas & Coal",Coal,Coal Production,A121,"COMPOSITE, IDXENERGY, IDXSMC-COM, ISSI, MBX",2011-11-17,Main,5882353000,38088235675000
GGRM,Gudang Garam Tbk.,Consumer Non-Cyclicals,Tobacco,Tobacco,Tobacco,D311,"COMPOSITE, IDX80, IDXNONCYC, IDXSMC-COM, IDXSMC-LIQ, MBX",,Main,1924088000,36557672000000
GGRP,Gunung Raja Paksi Tbk.,Basic Materials,Basic Materials,Metals & Minerals,Iron & Steel,B144,"COMPOSITE, DBX, IDXBASIC, IDXSMC-COM, ISSI",2019-09-19,Development,12111376157,3609190094786
GHON,Gihon Telekomunikasi Indonesia,Infrastructures,Telecommunication,Wireless Telecommunication Services,Wireless Telecommunication Services,J321,"COMPOSITE, DBX, IDXINFRA, ISSI",2018-04-09,Development,550000000,896500000000
GIAA,Garuda Indonesia (Persero) Tbk,Transportation & Logistic,Transportation,Airlines,Airlines,K111,"COMPOSITE, DBX, IDXSMC-COM, IDXTRANS, ISSI",2011-02-11,Development,407091703837,21982952007198
GJTL,Gajah Tunggal Tbk.,Consumer Cyclicals,Automobiles & Components,Auto Components,Tires,E112,"COMPOSITE, ESGSKEHATI, IDXCYCLIC, IDXSMC-COM, ISSI, MBX",1990-05-08,Main,3484800000,4268880000000
GLOB,Globe Kita Terang Tbk.,Consumer Cyclicals,Retailing,Specialty Retail,Electronics Retail,E742,"COMPOSITE, IDXCYCLIC",2012-07-10,Watchlist,1111112000,172222360000
GLVA,Galva Technologies Tbk.,Technology,Technology Hardware & Equipment,"Electronic Equipment, Instruments & Components",Electronic Equipment & Instruments,I231,"COMPOSITE, IDXTECHNO, ISSI, MBX",2019-12-23,Main,1500000000,459000000000
GMFI,Garuda Maintenance Facility Ae,Infrastructures,Transportation Infrastructure,Transport Infrastructure Operator,Airport Operators,J111,"COMPOSITE, DBX, IDXINFRA, IDXSMC-COM",2017-10-10,Development,124835258434,6741103955436
GMTD,Gowa Makassar Tourism Developm,Properties & Real Estate,Properties & Real Estate,Real Estate Management & Development,Real Estate Development & Management,H111,"COMPOSITE, DBX, IDXPROPERT, IDXSMC-COM, ISSI",2000-12-11,Development,1015380000,1299686400000
GOLD,Visi Telekomunikasi Infrastruk,Infrastructures,Telecommunication,Wireless Telecommunication Services,Wireless Telecommunication Services,J321,"COMPOSITE, DBX, IDXINFRA, ISSI",2010-07-07,Development,1277276000,334646312000
GOLF,Intra Golflink Resorts Tbk.,Consumer Cyclicals,Consumer Services,Tourism & Recreation,Recreational & Sports Facilities,E514,"COMPOSITE, IDXCYCLIC, IDXSMC-COM, ISSI, MBX",2024-07-08,Main,19486760000,3117881600000
GOLL,Golden Plantation Tbk.,Consumer Non-Cyclicals,Food & Beverage,Agricultural Products,Plantations & Crops,D232,"COMPOSITE, IDXNONCYC",2014-12-23,Watchlist,3665000759,183250037950
GOOD,Garudafood Putra Putri Jaya Tb,Consumer Non-Cyclicals,Food & Beverage,Processed Foods,Processed Foods,D222,"COMPOSITE, IDXNONCYC, IDXSMC-COM, ISSI, MBX",2018-10-10,Main,36897901455,10847983027770
GOTO,GoTo Gojek Tokopedia Tbk.,Technology,Software & IT Services,Software,Software,I131,"COMPOSITE, DBX, IDX30, IDX80, IDXESGL, IDXLQ45LCL, IDXTECHNO, KOMPAS100, LQ45",2022-04-11,Development,1140573267220,57028663361000
GOTOM,MVS GoTo Gojek Tokopedia Tbk.,Technology,Software & IT Services,Online Applications & Services,Online Applications & Services,I111,,,,,3438877640000
GPRA,Perdana Gapuraprima Tbk.,Properties & Real Estate,Properties & Real Estate,Real Estate Management & Development,Real Estate Development & Management,H111,"COMPOSITE, DBX, IDXPROPERT, ISSI",2007-10-10,Development,4276655336,436218844272
GPSO,Geoprima Solusi Tbk.,Industrials,Industrial Goods,Machinery,Industrial Machinery & Components,C143,"COMPOSITE, DBX, IDXINDUST, ISSI",2021-09-06,Development,733415103,222958191312
GRIA,Ingria Pratama Capitalindo Tbk,Properties & Real Estate,Properties & Real Estate,Real Estate Management & Development,Real Estate Development & Management,H111,"COMPOSITE, DBX, IDXPROPERT, ISSI",,Development,7375720674,885086480880
GRPH,Griptha Putra Persada Tbk.,Consumer Cyclicals,Consumer Services,Tourism & Recreation,"Hotels, Resorts & Cruise Lines",E512,"COMPOSITE, DBX, IDXCYCLIC, ISSI",2024-01-17,Development,1000000000,59000000000
GRPM,Graha Prima Mentari Tbk.,Consumer Non-Cyclicals,Food & Beverage,Beverages,Soft Drinks,D212,ABX,2023-07-10,Acceleration,1571666469,358339954932
GSMF,Equity Development Investment,Financials,Holding & Investment Companies,Holding & Investment Companies,Financial Holdings,G511,"COMPOSITE, DBX, IDXFINANCE, IDXSMC-COM",1989-10-23,Development,15456814805,1360199702840
GTBO,Garda Tujuh Buana Tbk,Energy,"Oil, Gas & Coal",Coal,Coal Production,A121,"COMPOSITE, DBX, IDXENERGY",2009-07-09,Development,2500000000,425000000000
GTRA,Grahaprima Suksesmandiri Tbk.,Transportation & Logistic,Logistics & Deliveries,Logistics & Deliveries,Logistics & Deliveries,K211,"COMPOSITE, DBX, IDXTRANS, ISSI",2023-03-30,Development,1894375000,458438750000
GTSI,GTS Internasional Tbk.,Energy,"Oil, Gas & Coal",Oil & Gas,Oil & Gas Storage & Distribution,A112,"COMPOSITE, DBX, IDXENERGY, IDXSMC-COM",2021-09-08,Development,15819142767,2420328843351
GULA,Aman Agrindo Tbk.,Consumer Non-Cyclicals,Food & Beverage,Processed Foods,Processed Foods,D222,"COMPOSITE, DBX, IDXNONCYC, ISSI",,Development,1070362500,845586375000
GUNA,Gunanusa Eramandiri Tbk.,Consumer Non-Cyclicals,Food & Beverage,Agricultural Products,Plantations & Crops,D232,"COMPOSITE, DBX, IDXNONCYC, ISSI",2024-07-09,Development,2500000000,505000000000
GWSA,Greenwood Sejahtera Tbk.,Consumer Cyclicals,Consumer Services,Tourism & Recreation,"Hotels, Resorts & Cruise Lines",E512,"COMPOSITE, DBX, IDXCYCLIC, IDXSMC-COM, ISSI",2011-12-23,Development,7800760000,1014098800000
GZCO,Gozco Plantations Tbk.,Consumer Non-Cyclicals,Food & Beverage,Agricultural Products,Plantations & Crops,D232,"COMPOSITE, IDXNONCYC, IDXSMC-COM, ISSI, MBX",2008-05-15,Main,6000000000,1056000000000
HADE,Himalaya Energi Perkasa Tbk.,Infrastructures,Utilities,Gas Utilities,Gas Utilities,J421,"COMPOSITE, IDXINFRA, ISSI",2004-04-12,Watchlist,2120000000,38160000000
HAIS,Hasnur Internasional Shipping,Transportation & Logistic,Logistics & Deliveries,Logistics & Deliveries,Logistics & Deliveries,K211,"COMPOSITE, DBX, IDXTRANS, ISSI",2021-09-01,Development,2626250000,491108750000
HAJJ,Arsy Buana Travelindo Tbk.,Consumer Cyclicals,Consumer Services,Tourism & Recreation,Travel Agencies,E513,ABX,2023-04-05,Acceleration,2468527572,261663922632
HALO,Haloni Jane Tbk.,Healthcare,Healthcare Equipment & Providers,Healthcare Equipment & Supplies,Healthcare Supplies & Distributions,F112,"COMPOSITE, DBX, IDXHEALTH, ISSI",2023-02-08,Development,6078729117,431589767307
HATM,Habco Trans Maritima Tbk.,Transportation & Logistic,Logistics & Deliveries,Logistics & Deliveries,Logistics & Deliveries,K211,"COMPOSITE, IDXSMC-COM, IDXTRANS, ISSI, MBX",2022-07-26,Main,8680000000,4600400000000
HBAT,Minahasa Membangun Hebat Tbk.,Properties & Real Estate,Properties & Real Estate,Real Estate Management & Development,Real Estate Development & Management,H111,ABX,,Acceleration,1040740800,233125939200
HDFA,Radana Bhaskara Finance Tbk.,Financials,Financing Service,Consumer Financing,Consumer Financing,G211,"COMPOSITE, DBX, IDXFINANCE",2011-05-10,Development,6542445783,601905012036
HDIT,Hensel Davest Indonesia Tbk.,Technology,Software & IT Services,Online Applications & Services,Online Applications & Services,I111,"COMPOSITE, DBX, IDXTECHNO, ISSI",2019-07-12,Main,1524680000,77758680000
HEAL,Medikaloka Hermina Tbk.,Healthcare,Healthcare Equipment & Providers,Healthcare Providers,Healthcare Providers,F121,"COMPOSITE, I-GRADE, IDX80, IDXHEALTH, IDXSMC-COM, IDXSMC-LIQ, ISSI, JII70, KOMPAS100, MBX",2018-05-16,Main,15365950000,12292760000000
HELI,Jaya Trishindo Tbk.,Transportation & Logistic,Transportation,Airlines,Airlines,K111,"COMPOSITE, DBX, IDXTRANS, ISSI",2018-03-27,Development,832862387,152413816821
HERO,DFI Retail Nusantara Tbk.,Consumer Non-Cyclicals,Food & Staples Retailing,Food & Staples Retailing,Supermarkets & Convenience Store,D113,"COMPOSITE, IDXNONCYC, IDXSMC-COM, ISSI, MBX",,Main,4183634000,1397333756000
HEXA,Hexindo Adiperkasa Tbk.,Industrials,Industrial Goods,Machinery,Construction Machinery & Heavy Vehicles,C141,"COMPOSITE, IDXINDUST, IDXSMC-COM, ISSI, MBX",1995-02-13,Main,840000000,3754800000000
HGII,Hero Global Investment Tbk.,Infrastructures,Utilities,Electric Utilities,Electric Utilities,J411,"COMPOSITE, DBX, IDXINFRA, IDXSMC-COM",2025-01-09,Development,6500000000,793000000000
HILL,Hillcon Tbk.,Energy,"Oil, Gas & Coal","Oil, Gas & Coal Supports","Oil, Gas & Coal Equipment & Services",A132,"COMPOSITE, IDXENERGY, IDXSMC-COM",2023-03-01,Watchlist,14741500000,235864000000
HITS,Humpuss Intermoda Transportasi,Energy,"Oil, Gas & Coal",Oil & Gas,Oil & Gas Storage & Distribution,A112,"COMPOSITE, IDXENERGY",1997-12-15,Watchlist,7101084801,823725836916
HKMU,HK Metals Utama Tbk.,Basic Materials,Basic Materials,Metals & Minerals,Aluminum,B141,"COMPOSITE, IDXBASIC",2018-10-09,Watchlist,3221750000,161087500000
HMSP,H.M. Sampoerna Tbk.,Consumer Non-Cyclicals,Tobacco,Tobacco,Tobacco,D311,"COMPOSITE, IDXHIDIV20, IDXNONCYC, KOMPAS100, MBX",,Main,116318076900,85493786521500
HOKI,Buyung Poetra Sembada Tbk.,Consumer Non-Cyclicals,Food & Beverage,Processed Foods,Processed Foods,D222,"COMPOSITE, DBX, IDXNONCYC, ISSI",2017-06-22,Development,9677752680,522598644720
HOME,Hotel Mandarine Regency Tbk.,Consumer Cyclicals,Consumer Services,Tourism & Recreation,"Hotels, Resorts & Cruise Lines",E512,"COMPOSITE, IDXCYCLIC, IDXSMC-COM",2008-07-17,Watchlist,22212194782,1110609739100
HOMI,Grand House Mulia Tbk.,Properties & Real Estate,Properties & Real Estate,Real Estate Management & Development,Real Estate Development & Management,H111,"COMPOSITE, DBX, IDXPROPERT, ISSI",2020-09-10,Development,1575000000,278775000000
HOPE,Harapan Duta Pertiwi Tbk.,Industrials,Industrial Goods,Machinery,Construction Machinery & Heavy Vehicles,C141,"COMPOSITE, DBX, IDXINDUST, ISSI",2021-05-24,Development,2130360203,451636363036
HOTL,Saraswati Griya Lestari Tbk.,Consumer Cyclicals,Consumer Services,Tourism & Recreation,"Hotels, Resorts & Cruise Lines",E512,"COMPOSITE, IDXCYCLIC",2013-01-10,Watchlist,3550001452,177500072600
HRME,Menteng Heritage Realty Tbk.,Consumer Cyclicals,Consumer Services,Tourism & Recreation,"Hotels, Resorts & Cruise Lines",E512,"COMPOSITE, IDXCYCLIC",2019-04-12,Watchlist,5958750000,250267500000
HRTA,Hartadinata Abadi Tbk.,Consumer Cyclicals,Apparel & Luxury Goods,Apparel & Luxury Goods,"Clothing, Accessories & Bags",E411,"COMPOSITE, ECONOMIC30, I-GRADE, IDX80, IDXCYCLIC, IDXG30, IDXQ30, IDXSMC-COM, IDXSMC-LIQ, IDXVESTA28, ISSI, JII70, KOMPAS100, LQ45, MBX",2017-06-21,Main,4605262400,8542761752000
HRUM,Harum Energy Tbk.,Energy,"Oil, Gas & Coal",Coal,Coal Production,A121,"COMPOSITE, IDX80, IDXBASIC, IDXSHAGROW, IDXSMC-COM, IDXSMC-LIQ, ISSI, JII70, KOMPAS100, MBX",2010-10-06,Main,13518100000,11287613500000
HUMI,Humpuss Maritim Internasional,Energy,"Oil, Gas & Coal",Oil & Gas,Oil & Gas Storage & Distribution,A112,"COMPOSITE, DBX, IDXENERGY, IDXSMC-COM",,Development,18063771579,2474676478520
HYGN,Ecocare Indo Pasifik Tbk.,Industrials,Industrial Services,Commercial Services,Environmental & Facilities Services,C222,"COMPOSITE, DBX, IDXINDUST, ISSI",2024-02-13,Development,2525000000,431775000000
IATA,Karya Pacific Energy Tbk.,Energy,"Oil, Gas & Coal",Coal,Coal Production,A121,"COMPOSITE, DBX, IDXENERGY, IDXSMC-COM, ISSI",2006-09-13,Development,31275829981,2376963078556
IBFN,Intan Baru Prana Tbk.,Industrials,Industrial Goods,Machinery,Construction Machinery & Heavy Vehicles,C141,"COMPOSITE, IDXINDUST",2014-12-22,Watchlist,1517332349,95591937987
IBOS,Indo Boga Sukses Tbk.,Consumer Non-Cyclicals,Food & Beverage,Agricultural Products,Plantations & Crops,D232,ABX,2022-04-25,Acceleration,8065789529,516210529856
IBST,Inti Bangun Sejahtera Tbk.,Infrastructures,Telecommunication,Wireless Telecommunication Services,Wireless Telecommunication Services,J321,"COMPOSITE, IDXINFRA, IDXSMC-COM, ISSI",,Watchlist,1350904927,11448919256325
ICBP,Indofood CBP Sukses Makmur Tbk,Consumer Non-Cyclicals,Food & Beverage,Processed Foods,Processed Foods,D222,"BISNIS-27, COMPOSITE, ESGQKEHATI, ESGSKEHATI, IDX30, IDX80, IDXG30, IDXLQ45LCL, IDXNONCYC, IDXSHAGROW, IDXVESTA28, Investor33, ISSI, JII, JII70, KOMPAS100, LQ45, MBX, MNC36, SRI-KEHATI",2010-10-07,Main,11661908000,81341808300000
ICON,Island Concepts Indonesia Tbk.,Industrials,Industrial Services,Commercial Services,Business Support Services,C224,"COMPOSITE, DBX, IDXINDUST, ISSI",2005-07-08,Development,1089750000,116603250000
IDEA,Idea Indonesia Akademi Tbk.,Consumer Cyclicals,Consumer Services,Education & Support Services,Education Services,E521,ABX,2021-09-09,Acceleration,1062437500,65871125000
IDPR,Indonesia Pondasi Raya Tbk.,Infrastructures,Heavy Constructions & Civil Engineering,Heavy Constructions & Civil Engineering,Heavy Constructions & Civil Engineering,J211,"COMPOSITE, DBX, IDXINFRA, ISSI",2015-12-10,Development,2003000000,580870000000
IFII,Indonesia Fibreboard Industry,Basic Materials,Basic Materials,Forestry & Paper,Timber,B151,"COMPOSITE, DBX, IDXBASIC, IDXSMC-COM, ISSI",2019-12-10,Development,9412000000,1938872000000
IFSH,Ifishdeco Tbk.,Basic Materials,Basic Materials,Metals & Minerals,Diversified Metals & Minerals,B146,"COMPOSITE, IDXBASIC, IDXSMC-COM, ISSI",2019-12-05,Watchlist,2125000000,2454375000000
IGAR,Champion Pacific Indonesia Tbk,Basic Materials,Basic Materials,Containers & Packaging,Containers & Packaging,B131,"COMPOSITE, DBX, IDXBASIC, ISSI",1990-11-05,Development,927780600,404512341600
IIKP,Inti Agri Resources Tbk,Consumer Cyclicals,Leisure Goods,Sport Equipment & Hobbies Goods,Sport Equipment & Hobbies Goods,E321,"COMPOSITE, IDXCYCLIC, IDXSMC-COM, ISSI",2002-10-14,Watchlist,33600000000,1680000000000
IKAI,Intikeramik Alamasri Industri,Industrials,Industrial Goods,Building Products & Fixtures,Building Products & Fixtures,C121,"COMPOSITE, IDXINDUST, ISSI",1997-06-04,Watchlist,13305799387,266115987740
IKAN,Era Mandiri Cemerlang Tbk.,Consumer Non-Cyclicals,Food & Beverage,Agricultural Products,"Fish, Meat, & Poultry",D231,"COMPOSITE, DBX, IDXNONCYC, ISSI",2020-02-12,Development,833333000,69999972000
IKBI,Sumi Indo Kabel Tbk.,Industrials,Industrial Goods,Electrical,Electrical Components & Equipment,C131,"COMPOSITE, DBX, IDXINDUST, ISSI",1991-01-21,Development,1224000000,691560000000
IKPM,Ikapharmindo Putramas Tbk.,Healthcare,Pharmaceuticals & Health Care Research,Pharmaceuticals,Pharmaceuticals,F211,"COMPOSITE, DBX, IDXHEALTH, ISSI",2023-11-08,Development,1684662500,315031887500
IMAS,Indomobil Sukses Internasional,Consumer Cyclicals,Retailing,Specialty Retail,Automotive Retail,E745,"COMPOSITE, IDXCYCLIC, IDXSMC-COM, MBX",1993-11-15,Main,3994291039,3415118838345
IMJS,Indomobil Multi Jasa Tbk.,Transportation & Logistic,Transportation,Passenger Land Transportation,Road Transportation,K132,"COMPOSITE, DBX, IDXSMC-COM, IDXTRANS",2013-12-10,Development,10849262500,1714183475000
IMPC,Impack Pratama Industri Tbk.,Industrials,Industrial Goods,Building Products & Fixtures,Building Products & Fixtures,C121,"COMPOSITE, IDXINDUST, ISSI, JII70, KOMPAS100, MBX",2014-12-17,Main,54907000000,84831315000000
INAF,Indofarma Tbk.,Healthcare,Pharmaceuticals & Health Care Research,Pharmaceuticals,Pharmaceuticals,F211,"COMPOSITE, IDXHEALTH",2001-04-17,Watchlist,3099267500,390507705000
INAI,Indal Aluminium Industry Tbk.,Basic Materials,Basic Materials,Metals & Minerals,Aluminum,B141,"COMPOSITE, DBX, IDXBASIC",1994-12-05,Development,633600000,112147200000
INCF,Indo Komoditi Korpora Tbk.,BASIC INDUSTRY AND CHEMICALS,Other not elsewhere classified,,,,"COMPOSITE, IDXBASIC",2016-09-06,Watchlist,1438370465,71918523250
INCI,Intanwijaya Internasional Tbk,Basic Materials,Basic Materials,Chemicals,Basic Chemicals,B111,"COMPOSITE, DBX, IDXBASIC, ISSI",1990-07-24,Development,207656617,138091650305
INCO,Vale Indonesia Tbk.,Basic Materials,Basic Materials,Metals & Minerals,Diversified Metals & Minerals,B146,"BISNIS-27, COMPOSITE, ECONOMIC30, ESGQKEHATI, ESGSKEHATI, IDX30, IDX80, IDXBASIC, IDXESGL, IDXG30, IDXLQ45LCL, Investor33, KOMPAS100, LQ45, MBX, MNC36",1990-05-16,Main,10539784534,55597363416850
INDF,Indofood Sukses Makmur Tbk.,Consumer Non-Cyclicals,Food & Beverage,Processed Foods,Processed Foods,D222,"COMPOSITE, ESGQKEHATI, ESGSKEHATI, IDX30, IDX80, IDXG30, IDXHIDIV20, IDXLQ45LCL, IDXNONCYC, IDXSHAGROW, IDXV30, Investor33, ISSI, JII, JII70, KOMPAS100, LQ45, MBX, MNC36, SRI-KEHATI",1994-07-14,Main,8780426500,61243474837500
INDO,Royalindo Investa Wijaya Tbk.,Properties & Real Estate,Properties & Real Estate,Real Estate Management & Development,Real Estate Services,H112,"COMPOSITE, DBX, IDXPROPERT, IDXSMC-COM",2020-01-13,Development,4480741638,788610528288
INDR,Indo-Rama Synthetics Tbk.,Consumer Cyclicals,Apparel & Luxury Goods,Apparel & Luxury Goods,Textiles,E413,"COMPOSITE, DBX, IDXCYCLIC, IDXSMC-COM, ISSI",,Development,654351707,1505008926100
INDS,Indospring Tbk.,Consumer Cyclicals,Automobiles & Components,Auto Components,Auto Parts & Equipment,E111,"COMPOSITE, DBX, IDXCYCLIC, IDXSMC-COM, ISSI",,Development,6562497100,1837499188000
INDX,Tanah Laut Tbk,Industrials,Industrial Services,Professional Services,Research & Consulting Services,C232,"COMPOSITE, DBX, IDXINDUST",2001-05-17,Development,437913588,26274815280
INDY,Indika Energy Tbk.,Energy,"Oil, Gas & Coal",Coal,Coal Production,A121,"COMPOSITE, IDX80, IDXENERGY, IDXSMC-COM, IDXSMC-LIQ, ISSI, JII70, KOMPAS100, MBX",2008-06-11,Main,5210192000,13702804960000
INET,Sinergi Inti Andalan Prima Tbk,Infrastructures,Telecommunication,Telecommunication Service,Wired Telecommunication Service,J311,"COMPOSITE, DBX, IDXINFRA, IDXSMC-COM, IDXSMC-LIQ, ISSI, KOMPAS100",2023-07-24,Development,22375261532,5235763700232
INKP,Indah Kiat Pulp & Paper Tbk.,Basic Materials,Basic Materials,Forestry & Paper,Paper,B152,"BISNIS-27, COMPOSITE, ECONOMIC30, I-GRADE, IDX30, IDX80, IDXBASIC, IDXG30, IDXLQ45LCL, IDXSHAGROW, IDXV30, IDXVESTA28, ISSI, JII, JII70, KOMPAS100, LQ45, MBX, MNC36",1990-07-16,Main,5470982941,45956256704400
INOV,Inocycle Technology Group Tbk.,Consumer Cyclicals,Apparel & Luxury Goods,Apparel & Luxury Goods,Textiles,E413,"COMPOSITE, DBX, IDXCYCLIC",2019-07-10,Development,1808221900,256767509800
INPC,Bank Artha Graha Internasional,Financials,Banks,Banks,Banks,G111,"COMPOSITE, IDXFINANCE, IDXSMC-COM, MBX",,Main,20021178779,2802965029060
INPP,Indonesian Paradise Property T,Properties & Real Estate,Properties & Real Estate,Real Estate Management & Development,Real Estate Development & Management,H111,"COMPOSITE, DBX, IDXPROPERT, IDXSMC-COM, ISSI",2004-01-12,Development,11181971732,7827380212400
INPS,Indah Prakasa Sentosa Tbk.,Energy,"Oil, Gas & Coal",Oil & Gas,Oil & Gas Storage & Distribution,A112,"COMPOSITE, IDXENERGY",2018-04-06,Watchlist,650000000,432250000000
INRU,Toba Pulp Lestari Tbk.,,,,,,,1990-06-18,Watchlist,1388883283,
INTA,Intraco Penta Tbk.,Industrials,Industrial Goods,Machinery,Construction Machinery & Heavy Vehicles,C141,"COMPOSITE, IDXINDUST",,Watchlist,3343935022,203980036342
INTD,Inter Delta Tbk,Basic Materials,Basic Materials,Forestry & Paper,Paper,B152,"COMPOSITE, DBX, IDXBASIC, ISSI",1989-12-18,Development,591828000,149140656000
INTP,Indocement Tunggal Prakarsa Tb,Basic Materials,Basic Materials,Construction Materials,Construction Materials,B121,"COMPOSITE, ESGQKEHATI, ESGSKEHATI, IDX80, IDXBASIC, IDXQ30, IDXSMC-COM, IDXSMC-LIQ, IDXV30, Investor33, ISSI, JII70, KOMPAS100, MBX, SMinfra18, SRI-KEHATI",1989-12-05,Main,3431073399,16023112773330
IOTF,Sumber Sinergi Makmur Tbk.,Technology,Technology Hardware & Equipment,"Electronic Equipment, Instruments & Components",Electronic Equipment & Instruments,I231,"COMPOSITE, DBX, IDXTECHNO, ISSI",2023-10-06,Development,5290298067,280385797551
IPAC,Era Graharealty Tbk.,Properties & Real Estate,Properties & Real Estate,Real Estate Management & Development,Real Estate Development & Management,H111,ABX,2021-06-30,Acceleration,949868500,153878697000
IPCC,Indonesia Kendaraan Terminal T,Infrastructures,Transportation Infrastructure,Transport Infrastructure Operator,Marine Ports & Services,J113,"COMPOSITE, IDXINFRA, IDXSMC-COM, MBX",2018-07-09,Main,1818384820,2091142543000
IPCM,Jasa Armada Indonesia Tbk.,Infrastructures,Transportation Infrastructure,Transport Infrastructure Operator,Marine Ports & Services,J113,"COMPOSITE, IDXINFRA, IDXMESBUMN, IDXSMC-COM, ISSI, MBX",2017-12-22,Main,5284811100,1627721818800
IPOL,Indopoly Swakarsa Industry Tbk,Basic Materials,Basic Materials,Containers & Packaging,Containers & Packaging,B131,"COMPOSITE, DBX, IDXBASIC, ISSI",2010-07-09,Development,6443379509,682998227954
IPPE,Indo Pureco Pratama Tbk.,Consumer Non-Cyclicals,Food & Beverage,Agricultural Products,Plantations & Crops,D232,"COMPOSITE, IDXNONCYC",2021-12-09,Watchlist,4600000000,64400000000
IPTV,MNC Vision Networks Tbk.,Consumer Cyclicals,Media & Entertainment,Media,Cable & Satellite,E613,"COMPOSITE, IDXCYCLIC, IDXSMC-COM, ISSI",2019-07-08,Watchlist,42197950841,1308136476071
IRRA,Itama Ranoraya Tbk.,Healthcare,Healthcare Equipment & Providers,Healthcare Equipment & Supplies,Healthcare Equipment,F111,"COMPOSITE, DBX, IDXHEALTH, ISSI",2019-10-15,Development,1600000000,601600000000
IRSX,Folago Global Nusantara Tbk.,Technology,Software & IT Services,Software,Software,I131,"COMPOSITE, DBX, IDXSMC-COM, IDXTECHNO, ISSI",2023-02-07,Development,6195047377,2230217055720
ISAP,Isra Presisi Indonesia Tbk.,Consumer Cyclicals,Automobiles & Components,Auto Components,Auto Parts & Equipment,E111,ABX,2022-12-09,Acceleration,4020356081,100508886600
ISAT,Indosat Tbk.,Infrastructures,Telecommunication,Wireless Telecommunication Services,Wireless Telecommunication Services,J321,"COMPOSITE, ESGQKEHATI, ESGSKEHATI, I-GRADE, IDX80, IDXG30, IDXINFRA, IDXLQ45LCL, IDXSHAGROW, IDXVESTA28, ISSI, JII70, KOMPAS100, LQ45, MBX, SMinfra18, SRI-KEHATI",1994-10-19,Main,32250810957,61276540818300
ISEA,Indo American Seafoods Tbk.,Consumer Non-Cyclicals,Food & Beverage,Agricultural Products,"Fish, Meat, & Poultry",D231,"COMPOSITE, DBX, IDXNONCYC",2024-07-08,Development,1390013370,111201069600
ISSP,Steel Pipe Industry of Indones,Basic Materials,Basic Materials,Metals & Minerals,Iron & Steel,B144,"COMPOSITE, IDXBASIC, IDXSMC-COM, ISSI, MBX",2013-02-22,Main,7185992035,3161836495400
ITIC,Indonesian Tobacco Tbk.,Consumer Non-Cyclicals,Tobacco,Tobacco,Tobacco,D311,"COMPOSITE, DBX, IDXNONCYC",2019-07-04,Development,940720000,199432640000
ITMA,Sumber Energi Andalan Tbk.,Energy,"Oil, Gas & Coal","Oil, Gas & Coal Supports","Oil, Gas & Coal Equipment & Services",A132,"COMPOSITE, DBX, IDXENERGY, IDXSMC-COM, ISSI",1990-12-10,Development,999053167,1333735977945
ITMG,Indo Tambangraya Megah Tbk.,Energy,"Oil, Gas & Coal",Coal,Coal Production,A121,"COMPOSITE, IDX80, IDXENERGY, IDXG30, IDXHIDIV20, IDXSHAGROW, IDXSMC-COM, IDXSMC-LIQ, IDXV30, IDXVESTA28, Investor33, ISSI, JII70, KOMPAS100, LQ45, MBX",2007-12-18,Main,1129925000,27767906875000
JARR,Jhonlin Agro Raya Tbk.,Consumer Non-Cyclicals,Food & Beverage,Agricultural Products,Plantations & Crops,D232,"COMPOSITE, IDXNONCYC, IDXSMC-COM, ISSI, MBX",,Main,9230665050,17815183546500
JAST,Jasnita Telekomindo Tbk.,Infrastructures,Telecommunication,Telecommunication Service,Wired Telecommunication Service,J311,"COMPOSITE, DBX, IDXINFRA, ISSI",2019-05-16,Development,1082575738,90936361992
JATI,Informasi Teknologi Indonesia,Technology,Software & IT Services,Online Applications & Services,Online Applications & Services,I111,"COMPOSITE, DBX, IDXTECHNO, ISSI",2023-05-08,Development,3262520106,309939410070
JAWA,Jaya Agra Wattie Tbk.,Consumer Non-Cyclicals,Food & Beverage,Agricultural Products,Plantations & Crops,D232,"COMPOSITE, DBX, IDXNONCYC, IDXSMC-COM, ISSI",2011-05-30,Development,16232951842,2110283739460
JAYA,Armada Berjaya Trans Tbk.,Transportation & Logistic,Logistics & Deliveries,Logistics & Deliveries,Logistics & Deliveries,K211,"COMPOSITE, DBX, IDXTRANS, ISSI",2019-02-21,Development,798499394,105401920008
JECC,Jembo Cable Company Tbk.,Industrials,Industrial Goods,Electrical,Electrical Components & Equipment,C131,"COMPOSITE, IDXINDUST, ISSI",1992-11-18,Development,756000000,468720000000
JECX,Nitrasanata Dharma Tbk.,Healthcare,Healthcare Equipment & Providers,Healthcare Providers,Healthcare Providers,F121,"COMPOSITE, IDXHEALTH, ISSI, MBX",2026-07-07,Main,3253222300,4294253436000
JELI,Niramas Utama Tbk.,Consumer Non-Cyclicals,Food & Beverage,Processed Foods,Processed Foods,D222,"COMPOSITE, DBX, IDXNONCYC, ISSI",2026-07-07,Development,1266000000,797580000000
JGLE,Graha Andrasentra Propertindo,Consumer Cyclicals,Consumer Services,Tourism & Recreation,"Hotels, Resorts & Cruise Lines",E512,"COMPOSITE, DBX, IDXCYCLIC, IDXSMC-COM, ISSI",2016-06-29,Development,22581909405,1445242201920
JIHD,Jakarta International Hotels &,Consumer Cyclicals,Consumer Services,Tourism & Recreation,"Hotels, Resorts & Cruise Lines",E512,"COMPOSITE, IDXCYCLIC, IDXSMC-COM, ISSI, MBX",1984-02-29,Main,2329040482,978197002440
JKON,Jaya Konstruksi Manggala Prata,Infrastructures,Heavy Constructions & Civil Engineering,Heavy Constructions & Civil Engineering,Heavy Constructions & Civil Engineering,J211,"COMPOSITE, IDXINFRA, IDXMESBUMN, IDXSMC-COM, ISSI, MBX",2007-12-04,Main,16308519860,1076362310760
JMAS,Asuransi Jiwa Syariah Jasa Mit,Financials,Insurance,Insurance,Life Insurance,G413,"COMPOSITE, DBX, IDXFINANCE, ISSI",2017-12-18,Development,1000000000,228000000000
JPFA,Japfa Comfeed Indonesia Tbk.,Consumer Non-Cyclicals,Food & Beverage,Agricultural Products,"Fish, Meat, & Poultry",D231,"BISNIS-27, COMPOSITE, IDX30, IDX80, IDXG30, IDXLQ45LCL, IDXNONCYC, IDXQ30, IDXSMC-COM, IDXSMC-LIQ, IDXVESTA28, ISSI, JII, JII70, KOMPAS100, LQ45, MBX, MNC36",1989-10-23,Main,11726575201,25212136682150
JRPT,Jaya Real Property Tbk.,Properties & Real Estate,Properties & Real Estate,Real Estate Management & Development,Real Estate Development & Management,H111,"COMPOSITE, IDXMESBUMN, IDXPROPERT, IDXSMC-COM, ISSI, MBX",1994-06-29,Main,12910719100,13943576628000
JSKY,Sky Energy Indonesia Tbk.,Energy,Alternative Energy,Alternative Energy Equipment,Alternative Energy Equipment,A211,"COMPOSITE, IDXENERGY",2018-03-28,Watchlist,2032540000,105692080000
JSMR,Jasa Marga (Persero) Tbk.,Infrastructures,Transportation Infrastructure,Transport Infrastructure Operator,Highways & Railtracks,J112,"COMPOSITE, ESGQKEHATI, ESGSKEHATI, I-GRADE, IDX80, IDXBUMN20, IDXESGL, IDXINFRA, IDXMESBUMN, IDXSMC-COM, IDXSMC-LIQ, IDXV30, IDXVESTA28, Investor33, ISSI, JII70, KOMPAS100, MBX, SMinfra18, SRI-KEHATI",2007-11-12,Main,7257871200,19886567088000
JSPT,Jakarta Setiabudi Internasiona,Consumer Cyclicals,Consumer Services,Tourism & Recreation,"Hotels, Resorts & Cruise Lines",E512,"COMPOSITE, IDXCYCLIC, IDXSMC-COM, MBX",1998-01-12,Main,2318736000,3408541920000
JTPE,Jasuindo Tiga Perkasa Tbk.,Industrials,Industrial Services,Commercial Services,Commercial Printing,C221,"COMPOSITE, IDXINDUST, IDXSMC-COM, ISSI, MBX",2002-04-16,Main,6852050000,4111230000000
KAEF,Kimia Farma (Persero) Tbk.,Healthcare,Pharmaceuticals & Health Care Research,Pharmaceuticals,Pharmaceuticals,F211,"COMPOSITE, DBX, IDXHEALTH, IDXSMC-COM",2001-07-04,Development,5566589677,2516098534004
KAQI,Jantra Grupo Indonesia Tbk.,Consumer Cyclicals,Automobiles & Components,Auto Components,Auto Parts & Equipment,E111,"COMPOSITE, DBX, IDXCYCLIC, ISSI",2025-03-10,Development,2075800000,201352600000
KARW,Meratus Jasa Prima Tbk.,Infrastructures,Transportation Infrastructure,Transport Infrastructure Operator,Marine Ports & Services,J113,"COMPOSITE, IDXINFRA, ISSI",1994-12-20,Watchlist,587152700,124476372400
KAYU,Darmi Bersaudara Tbk.,Basic Materials,Basic Materials,Forestry & Paper,Timber,B151,"COMPOSITE, IDXBASIC",2019-07-04,Watchlist,665000000,11970000000
KBAG,Karya Bersama Anugerah Tbk.,Properties & Real Estate,Properties & Real Estate,Real Estate Management & Development,Real Estate Development & Management,H111,"COMPOSITE, IDXPROPERT, ISSI",2020-04-08,Watchlist,7150002603,307450111929
KBLI,KMI Wire & Cable Tbk.,Industrials,Industrial Goods,Electrical,Electrical Components & Equipment,C131,"COMPOSITE, IDXINDUST, IDXSMC-COM, ISSI, MBX",1992-07-06,Main,4007235107,1298344174668
KBLM,Kabelindo Murni Tbk.,Industrials,Industrial Goods,Electrical,Electrical Components & Equipment,C131,"COMPOSITE, DBX, IDXINDUST, ISSI",1992-06-01,Development,1120000000,338240000000
KBLV,First Media Tbk.,Infrastructures,Telecommunication,Telecommunication Service,Wired Telecommunication Service,J311,"COMPOSITE, DBX, IDXINFRA",2000-02-25,Development,1742167907,229966163724
KBRI,Kertas Basuki Rachmat Indonesi,Basic Materials,Basic Materials,Forestry & Paper,Paper,B152,"COMPOSITE, IDXBASIC",2008-07-11,Watchlist,8687995734,434399786700
KDSI,Kedawung Setia Industrial Tbk.,Basic Materials,Basic Materials,Containers & Packaging,Containers & Packaging,B131,"COMPOSITE, DBX, IDXBASIC, ISSI",1996-07-29,Development,1620000000,741960000000
KDTN,Puri Sentul Permai Tbk.,Consumer Cyclicals,Consumer Services,Tourism & Recreation,"Hotels, Resorts & Cruise Lines",E512,"COMPOSITE, DBX, IDXCYCLIC, IDXSMC-COM",2022-11-09,Development,1250023298,470008760048
KEEN,Kencana Energi Lestari Tbk.,Infrastructures,Utilities,Electric Utilities,Electric Utilities,J411,"COMPOSITE, IDXINFRA, IDXSMC-COM, ISSI, MBX",2019-09-02,Main,3666312500,3208023437500
KEJU,Mulia Boga Raya Tbk.,Consumer Non-Cyclicals,Food & Beverage,Processed Foods,Dairy Products,D221,"COMPOSITE, IDXNONCYC, IDXSMC-COM, ISSI, MBX",2019-11-25,Main,5624999999,3093749999450
KETR,Ketrosden Triasmitra Tbk.,,,,,,,2021-01-11,Development,2841262838,
KIAS,Keramika Indonesia Assosiasi T,,,,,,,1994-12-08,Watchlist,14929100000,
KICI,Kedaung Indah Can Tbk,Consumer Cyclicals,Household Goods,Household Goods,Housewares & Specialties,E213,"COMPOSITE, DBX, IDXCYCLIC, ISSI",1993-10-28,Development,276000000,53268000000
KIJA,Kawasan Industri Jababeka Tbk.,Properties & Real Estate,Properties & Real Estate,Real Estate Management & Development,Real Estate Development & Management,H111,"COMPOSITE, ECONOMIC30, IDX80, IDXESGL, IDXG30, IDXPROPERT, IDXSMC-COM, ISSI, JII70, KOMPAS100, MBX",1995-01-10,Main,20824888369,2707235487970
KING,Hoffmen Cleanindo Tbk.,Industrials,Industrial Services,Professional Services,Human Resource & Employment Services,C231,,2023-02-16,Acceleration,2602852170,702770085900
KINO,Kino Indonesia Tbk.,Consumer Non-Cyclicals,Nondurable Household Products,Personal Care Products,Personal Care Products,D421,"COMPOSITE, DBX, IDXNONCYC, IDXSMC-COM, ISSI",2015-12-11,Development,1428571500,1757142945000
KIOS,Kioson Komersial Indonesia Tbk,Technology,Software & IT Services,Online Applications & Services,Online Applications & Services,I111,"COMPOSITE, DBX, IDXTECHNO, ISSI",2017-10-05,Development,1075862960,102206981200
KJEN,Krida Jaringan Nusantara Tbk.,Transportation & Logistic,Logistics & Deliveries,Logistics & Deliveries,Logistics & Deliveries,K211,"COMPOSITE, DBX, IDXTRANS, ISSI",2019-07-01,Development,500000000,74000000000
KKES,Kusuma Kemindo Sentosa Tbk.,Basic Materials,Basic Materials,Chemicals,Basic Chemicals,B111,"COMPOSITE, IDXBASIC, ISSI",,Watchlist,1500000000,99000000000
KKGI,Resource Alam Indonesia Tbk.,Energy,"Oil, Gas & Coal",Coal,Coal Production,A121,"COMPOSITE, IDXENERGY, IDXSMC-COM, ISSI, MBX",1991-07-01,Main,5000000000,1380000000000
KLAS,Pelayaran Kurnia Lautan Semest,Transportation & Logistic,Logistics & Deliveries,Logistics & Deliveries,Logistics & Deliveries,K211,"COMPOSITE, DBX, IDXTRANS, ISSI",2023-06-12,Development,3644415975,273331198125
KLBF,Kalbe Farma Tbk.,Healthcare,Pharmaceuticals & Health Care Research,Pharmaceuticals,Pharmaceuticals,F211,"BISNIS-27, COMPOSITE, ESGQKEHATI, ESGSKEHATI, IDX30, IDX80, IDXHEALTH, IDXLQ45LCL, IDXQ30, IDXSHAGROW, IDXVESTA28, Investor33, ISSI, JII, JII70, KOMPAS100, LQ45, MBX, MNC36, SRI-KEHATI",1991-07-30,Main,46813391540,33939708866500
KLIN,Klinko Karya Imaji Tbk.,Consumer Cyclicals,Retailing,Specialty Retail,Home Improvement Retail,E743,ABX,,Acceleration,1307530330,156903639600
KMDS,Kurniamitra Duta Sentosa Tbk.,Consumer Non-Cyclicals,Food & Staples Retailing,Food & Staples Retailing,Food Retail & Distributors,D112,"COMPOSITE, DBX, IDXNONCYC, ISSI",2020-09-07,Development,800000000,436000000000
KMTR,Kirana Megatara Tbk.,Basic Materials,Basic Materials,Forestry & Paper,Diversified Forest,B153,"COMPOSITE, DBX, IDXBASIC, IDXSMC-COM",2017-06-19,Development,8215366379,1922395732686
KOBX,Kobexindo Tractors Tbk.,Industrials,Industrial Goods,Machinery,Construction Machinery & Heavy Vehicles,C141,"COMPOSITE, DBX, IDXINDUST, ISSI",2012-07-05,Development,2272500000,365872500000
KOCI,Kokoh Exa Nusantara Tbk.,Properties & Real Estate,Properties & Real Estate,Real Estate Management & Development,Real Estate Development & Management,H111,"COMPOSITE, DBX, IDXPROPERT, ISSI",2023-10-07,Development,4467444305,442276491195
KOIN,Kokoh Inti Arebama Tbk,Industrials,Industrial Goods,Building Products & Fixtures,Building Products & Fixtures,C121,"COMPOSITE, IDXINDUST, ISSI",2008-04-09,Watchlist,980843732,76505811096
KOKA,Koka Indonesia Tbk.,Infrastructures,Heavy Constructions & Civil Engineering,Heavy Constructions & Civil Engineering,Heavy Constructions & Civil Engineering,J211,"COMPOSITE, DBX, IDXINFRA, ISSI",2023-10-11,Development,2861333000,552237269000
KONI,Perdana Bangun Pusaka Tbk,Industrials,Industrial Services,Commercial Services,Office Supplies,C223,"COMPOSITE, DBX, IDXINDUST, ISSI",,Development,312000000,770640000000
KOPI,Mitra Energi Persada Tbk.,Energy,"Oil, Gas & Coal",Oil & Gas,Oil & Gas Storage & Distribution,A112,"COMPOSITE, DBX, IDXENERGY, ISSI",2015-05-04,Development,697266668,147820533616
KOTA,DMS Propertindo Tbk.,Consumer Cyclicals,Consumer Services,Tourism & Recreation,"Hotels, Resorts & Cruise Lines",E512,"COMPOSITE, IDXCYCLIC, ISSI, MBX",2019-07-09,Main,10546185701,1550289298047
KPIG,MNC Tourism Indonesia Tbk.,Consumer Cyclicals,Consumer Services,Tourism & Recreation,"Hotels, Resorts & Cruise Lines",E512,"COMPOSITE, IDX80, IDXCYCLIC, IDXESGL, IDXSMC-COM, IDXV30, ISSI, JII70, KOMPAS100, MBX",2000-03-30,Main,107312842189,8906965901687
KRAS,Krakatau Steel (Persero) Tbk.,Basic Materials,Basic Materials,Metals & Minerals,Iron & Steel,B144,"COMPOSITE, DBX, IDXBASIC, IDXSMC-COM",2010-11-10,Development,19346396900,4333592905600
KREN,Quantum Clovera Investama Tbk.,Technology,Software & IT Services,Online Applications & Services,Online Applications & Services,I111,"COMPOSITE, IDXTECHNO, ISSI",2002-06-28,Watchlist,18208470100,236710111300
KRYA,Bangun Karya Perkasa Jaya Tbk.,Infrastructures,Heavy Constructions & Civil Engineering,Heavy Constructions & Civil Engineering,Heavy Constructions & Civil Engineering,J211,"COMPOSITE, DBX, IDXINFRA",2022-07-25,Development,1663943474,98172664966
KSIX,Kentanix Supra International T,Properties & Real Estate,Properties & Real Estate,Real Estate Management & Development,Real Estate Development & Management,H111,"COMPOSITE, DBX, IDXPROPERT",2025-01-08,Development,2137831800,607144231200
KUAS,Ace Oldfields Tbk.,Industrials,Industrial Goods,Building Products & Fixtures,Building Products & Fixtures,C121,"COMPOSITE, DBX, IDXINDUST, ISSI",2021-10-25,Development,1292808150,117645541650
LABA,Green Power Group Tbk.,Industrials,Industrial Goods,Machinery,Industrial Machinery & Components,C143,"COMPOSITE, DBX, IDXINDUST",2021-06-10,Development,1103402553,104823242535
LABS,UBC Medical Indonesia Tbk.,Healthcare,Healthcare Equipment & Providers,Healthcare Equipment & Supplies,Healthcare Supplies & Distributions,F112,"COMPOSITE, DBX, IDXHEALTH, ISSI",2024-07-10,Development,3950000000,596450000000
LAJU,Jasa Berdikari Logistics Tbk.,Transportation & Logistic,Logistics & Deliveries,Logistics & Deliveries,Logistics & Deliveries,K211,"COMPOSITE, DBX, IDXTRANS, ISSI",2023-01-27,Development,2149942974,141896236284
LAND,Trimitra Propertindo Tbk.,Properties & Real Estate,Properties & Real Estate,Real Estate Management & Development,Real Estate Development & Management,H111,"COMPOSITE, DBX, IDXPROPERT, ISSI",,Development,2792620000,209446500000
LAPD,Leyand International Tbk.,Consumer Non-Cyclicals,Food & Staples Retailing,Food & Staples Retailing,Supermarkets & Convenience Store,D113,"COMPOSITE, DBX, IDXNONCYC",2001-07-17,Development,3966350139,245913708618
LCGP,Eureka Prima Jakarta Tbk.,Properties & Real Estate,Properties & Real Estate,Real Estate Management & Development,Real Estate Development & Management,H111,"COMPOSITE, IDXPROPERT",2007-07-13,Watchlist,5630000914,641820104196
LCKM,LCK Global Kedaton Tbk.,Infrastructures,Telecommunication,Wireless Telecommunication Services,Wireless Telecommunication Services,J321,"COMPOSITE, DBX, IDXINFRA",2018-01-16,Development,1000000000,109000000000
LEAD,Logindo Samudramakmur Tbk.,Energy,"Oil, Gas & Coal",Oil & Gas,Oil & Gas Storage & Distribution,A112,"COMPOSITE, DBX, IDXENERGY, IDXSMC-COM",2013-12-11,Development,5799616328,643757412408
LFLO,Imago Mulia Persada Tbk.,Consumer Cyclicals,Household Goods,Household Goods,Home Furnishings,E211,ABX,2021-04-07,Acceleration,1307734937,635559179382
LIFE,MSIG Life Insurance Indonesia,Financials,Insurance,Insurance,Life Insurance,G413,"COMPOSITE, DBX, IDXFINANCE, IDXSMC-COM",2019-07-09,Development,2100000000,12180000000000
LINK,Link Net Tbk.,Infrastructures,Telecommunication,Telecommunication Service,Wired Telecommunication Service,J311,"COMPOSITE, DBX, IDXINFRA, IDXSMC-COM",2014-06-02,Development,2863195484,4022789655020
LION,Lion Metal Works Tbk.,Industrials,Industrial Services,Commercial Services,Office Supplies,C223,"COMPOSITE, DBX, IDXINDUST, ISSI",,Development,520160000,185176960000
LIVE,Homeco Victoria Makmur Tbk.,Consumer Cyclicals,Household Goods,Household Goods,Housewares & Specialties,E213,"COMPOSITE, DBX, IDXCYCLIC, IDXSMC-COM, ISSI",2024-02-12,Development,4593005014,964531052940
LMAS,Limas Indonesia Makmur Tbk,Technology,Software & IT Services,IT Services & Consulting,IT Services & Consulting,I121,"COMPOSITE, IDXTECHNO",2001-12-28,Watchlist,787851525,39392576250
LMAX,Lupromax Pelumas Indonesia Tbk,Consumer Cyclicals,Automobiles & Components,Auto Components,Auto Parts & Equipment,E111,ABX,,Acceleration,650008775,71500965250
LMPI,Langgeng Makmur Industri Tbk.,Consumer Cyclicals,Household Goods,Household Goods,Housewares & Specialties,E213,"COMPOSITE, DBX, IDXCYCLIC, ISSI",1994-10-17,Development,1008517669,142200991329
LMSH,Lionmesh Prima Tbk.,Basic Materials,Basic Materials,Metals & Minerals,Iron & Steel,B144,"COMPOSITE, IDXBASIC, ISSI",1990-06-04,Watchlist,96000000,24576000000
LOPI,Logisticsplus International Tb,Transportation & Logistic,Logistics & Deliveries,Logistics & Deliveries,Logistics & Deliveries,K211,ABX,2023-10-11,Acceleration,1100011289,68200699918
LPCK,Lippo Cikarang Tbk,Properties & Real Estate,Properties & Real Estate,Real Estate Management & Development,Real Estate Development & Management,H111,"COMPOSITE, IDXPROPERT, IDXSMC-COM, ISSI, MBX",1997-07-24,Main,5134685692,2772730273680
LPGI,Lippo General Insurance Tbk.,Financials,Insurance,Insurance,General Insurance,G412,"COMPOSITE, DBX, IDXFINANCE, IDXSMC-COM",1997-07-22,Development,3000000000,1845000000000
LPIN,Multi Prima Sejahtera Tbk,Consumer Cyclicals,Automobiles & Components,Auto Components,Auto Parts & Equipment,E111,"COMPOSITE, DBX, IDXCYCLIC, ISSI",1990-02-05,Development,425000000,179350000000
LPKR,Lippo Karawaci Tbk.,Properties & Real Estate,Properties & Real Estate,Real Estate Management & Development,Real Estate Development & Management,H111,"COMPOSITE, IDXPROPERT, IDXSMC-COM, MBX",1996-06-28,Main,70898018369,4253881102140
LPLI,Star Pacific Tbk,Properties & Real Estate,Properties & Real Estate,Real Estate Management & Development,Real Estate Development & Management,H111,"COMPOSITE, DBX, IDXPROPERT, ISSI",1989-10-23,Development,1170432803,285585603932
LPPF,MDS Retailing Tbk.,Consumer Cyclicals,Retailing,Department Stores,Department Stores,E731,"COMPOSITE, IDXCYCLIC, IDXSMC-COM, ISSI, MBX",1989-10-09,Main,2227279280,3463419280400
LPPS,Lenox Pasifik Investama Tbk.,Financials,Holding & Investment Companies,Holding & Investment Companies,Investment Companies,G512,"COMPOSITE, DBX, IDXFINANCE",1994-03-28,Development,2588250000,207060000000
LRNA,Eka Sari Lorena Transport Tbk.,Transportation & Logistic,Transportation,Passenger Land Transportation,Road Transportation,K132,"COMPOSITE, DBX, IDXTRANS, ISSI",2014-04-15,Development,350000022,64050004026
LSIP,PP London Sumatra Indonesia Tb,Consumer Non-Cyclicals,Food & Beverage,Agricultural Products,Plantations & Crops,D232,"COMPOSITE, ESGSKEHATI, IDXNONCYC, IDXSHAGROW, IDXSMC-COM, IDXSMC-LIQ, IDXVESTA28, ISSI, JII70, MBX",1996-07-05,Main,6819963965,9752548469950
LTLS,Lautan Luas Tbk.,Basic Materials,Basic Materials,Chemicals,Basic Chemicals,B111,"COMPOSITE, IDXBASIC, IDXSMC-COM, ISSI, MBX",1997-07-21,Main,1560000000,1294800000000
LUCK,Sentral Mitra Informatika Tbk.,Technology,Technology Hardware & Equipment,Computer Hardware,Computer Hardware,I221,"COMPOSITE, DBX, IDXTECHNO, ISSI",2018-11-28,Development,715749640,78732460400
LUCY,Lima Dua Lima Tiga Tbk.,Consumer Cyclicals,Consumer Services,Tourism & Recreation,Restaurants,E515,ABX,2021-05-05,Acceleration,1514773893,369604829892
MABA,Marga Abhinaya Abadi Tbk.,Consumer Cyclicals,Consumer Services,Tourism & Recreation,"Hotels, Resorts & Cruise Lines",E512,"COMPOSITE, IDXCYCLIC",2017-06-22,Watchlist,15365229912,768261495600
MAGP,Multi Agro Gemilang Plantation,Consumer Non-Cyclicals,Food & Beverage,Agricultural Products,Plantations & Crops,D232,"COMPOSITE, IDXNONCYC",2013-01-16,Watchlist,9000000004,450000000200
MAHA,Mandiri Herindo Adiperkasa Tbk,Energy,"Oil, Gas & Coal",Coal,Coal Distribution,A122,"COMPOSITE, IDXENERGY, IDXSMC-COM, ISSI, MBX",2023-07-25,Main,16666000000,2416570000000
MAIN,Malindo Feedmill Tbk.,Consumer Non-Cyclicals,Food & Beverage,Agricultural Products,"Fish, Meat, & Poultry",D231,"COMPOSITE, IDXNONCYC, IDXSMC-COM, ISSI, MBX",2006-02-10,Main,2238750000,1511156250000
MANG,Manggung Polahraya Tbk.,Infrastructures,Heavy Constructions & Civil Engineering,Heavy Constructions & Civil Engineering,Heavy Constructions & Civil Engineering,J211,ABX,2024-01-11,Acceleration,3812605641,148691619180
MAPA,Map Aktif Adiperkasa Tbk.,Consumer Cyclicals,Retailing,Specialty Retail,Apparel & Textile Retail,E741,"COMPOSITE, ECONOMIC30, IDX80, IDXCYCLIC, IDXESGL, IDXG30, IDXSHAGROW, IDXSMC-COM, IDXSMC-LIQ, IDXVESTA28, ISSI, JII70, KOMPAS100, MBX",2018-07-05,Main,28504000000,18527600000000
MAPB,MAP Boga Adiperkasa Tbk.,Consumer Cyclicals,Consumer Services,Tourism & Recreation,Restaurants,E515,"COMPOSITE, IDXCYCLIC, IDXSMC-COM, ISSI",2017-06-21,Watchlist,2387922900,2793869793000
MAPI,Mitra Adiperkasa Tbk.,Consumer Cyclicals,Retailing,Specialty Retail,Apparel & Textile Retail,E741,"BISNIS-27, COMPOSITE, ECONOMIC30, ESGSKEHATI, IDX80, IDXCYCLIC, IDXESGL, IDXLQ45LCL, IDXSMC-COM, IDXSMC-LIQ, IDXV30, IDXVESTA28, ISSI, JII70, KOMPAS100, LQ45, MBX, MNC36",2004-11-10,Main,16600000000,25813000000000
MARI,Mahaka Radio Integra Tbk.,Consumer Cyclicals,Media & Entertainment,Media,Broadcasting,E612,"COMPOSITE, IDXCYCLIC",2016-02-11,Watchlist,5252644000,120810812000
MARK,Mark Dynamics Indonesia Tbk.,Industrials,Industrial Goods,Machinery,Industrial Machinery & Components,C143,"COMPOSITE, IDXINDUST, IDXSMC-COM, ISSI, JII70, MBX",2017-07-12,Main,3800000310,4066000331700
MASB,Bank Multiarta Sentosa Tbk.,Financials,Banks,Banks,Banks,G111,"COMPOSITE, IDXFINANCE, IDXSMC-COM, MBX",2021-06-30,Main,1387737233,4704429219870
MAXI,Maxindo Karya Anugerah Tbk.,Consumer Non-Cyclicals,Food & Beverage,Processed Foods,Processed Foods,D222,"COMPOSITE, DBX, IDXNONCYC, ISSI",2023-06-12,Development,9610099981,480504999050
MAYA,Bank Mayapada Internasional Tb,Financials,Banks,Banks,Banks,G111,"COMPOSITE, IDXFINANCE, IDXSMC-COM, MBX",,Main,25906179152,5077611113792
MBAP,Mitrabara Adiperdana Tbk.,Energy,"Oil, Gas & Coal",Coal,Coal Production,A121,"COMPOSITE, DBX, IDXENERGY, IDXSMC-COM, ISSI",2014-07-10,Development,1227271952,1742726171840
MBMA,Merdeka Battery Materials Tbk.,Basic Materials,Basic Materials,Metals & Minerals,Diversified Metals & Minerals,B146,"BISNIS-27, COMPOSITE, ECONOMIC30, ESGSKEHATI, I-GRADE, IDX30, IDX80, IDXBASIC, IDXLQ45LCL, ISSI, JII, JII70, KOMPAS100, LQ45, MBX",2023-04-18,Main,107995419900,54537687049500
MBSS,Mitrabahtera Segara Sejati Tbk,Energy,"Oil, Gas & Coal",Coal,Coal Distribution,A122,"COMPOSITE, IDXENERGY, IDXSMC-COM, MBX",2011-04-06,Main,1750026639,4970075654760
MBTO,Martina Berto Tbk.,Consumer Non-Cyclicals,Nondurable Household Products,Personal Care Products,Personal Care Products,D421,"COMPOSITE, DBX, IDXNONCYC, ISSI",2011-01-13,Development,1070000000,129470000000
MCAS,M Cash Integrasi Tbk.,Technology,Software & IT Services,Online Applications & Services,Online Applications & Services,I111,"COMPOSITE, DBX, IDXTECHNO, ISSI",2017-11-01,Development,867933300,229134391200
MCOL,Prima Andalan Mandiri Tbk.,Energy,"Oil, Gas & Coal",Coal,Coal Production,A121,"COMPOSITE, IDXENERGY, IDXSMC-COM, ISSI, MBX",2021-09-07,Main,3555560000,13511128000000
MCOR,Bank China Construction Bank I,Financials,Banks,Banks,Banks,G111,"COMPOSITE, IDXFINANCE, IDXSMC-COM, MBX",2007-07-03,Main,37540533209,2590296791421
MDIA,Intermedia Capital Tbk.,Consumer Cyclicals,Media & Entertainment,Media,Broadcasting,E612,"COMPOSITE, DBX, IDXCYCLIC, IDXSMC-COM, ISSI",2014-04-11,Development,39215538400,7490167834400
MDIY,Daya Intiguna Yasa Tbk.,Consumer Cyclicals,Retailing,Specialty Retail,Home Improvement Retail,E743,"COMPOSITE, IDXCYCLIC, IDXSMC-COM, ISSI, MBX",2024-12-19,Main,25190392000,23049208680000
MDKA,Merdeka Copper Gold Tbk.,Basic Materials,Basic Materials,Metals & Minerals,Diversified Metals & Minerals,B146,"COMPOSITE, ECONOMIC30, I-GRADE, IDX30, IDX80, IDXBASIC, IDXLQ45LCL, ISSI, JII, JII70, KOMPAS100, LQ45, MBX, MNC36",2015-06-19,Main,24472983771,66566515857120
MDKI,Emdeki Utama Tbk.,Basic Materials,Basic Materials,Chemicals,Basic Chemicals,B111,"COMPOSITE, DBX, IDXBASIC, ISSI",2017-09-25,Development,2530150002,460487300364
MDLA,Medela Potentia Tbk.,Healthcare,Pharmaceuticals & Health Care Research,Pharmaceuticals,Pharmaceuticals,F211,"COMPOSITE, IDXHEALTH, IDXSMC-COM, ISSI, MBX",2025-04-15,Main,14012825000,2970718900000
MDLN,Modernland Realty Tbk.,Properties & Real Estate,Properties & Real Estate,Real Estate Management & Development,Real Estate Development & Management,H111,"COMPOSITE, DBX, IDXPROPERT",1993-01-18,Development,12533067322,626653366100
MDRN,Modern Internasional Tbk.,Industrials,Industrial Services,Commercial Services,Office Supplies,C223,"COMPOSITE, IDXINDUST",1991-07-16,Watchlist,7632167798,198436362748
MEDC,Medco Energi Internasional Tbk,Energy,"Oil, Gas & Coal",Oil & Gas,Oil & Gas Production & Refinery,A111,"BISNIS-27, COMPOSITE, ESGQKEHATI, ESGSKEHATI, I-GRADE, IDX30, IDX80, IDXENERGY, IDXG30, IDXLQ45LCL, IDXSHAGROW, IDXSMC-COM, IDXSMC-LIQ, IDXV30, IDXVESTA28, ISSI, JII, JII70, KOMPAS100, LQ45, MBX, SMinfra18",1994-10-12,Main,25136231252,32300057158820
MEDS,Hetzer Medical Indonesia Tbk.,Healthcare,Healthcare Equipment & Providers,Healthcare Equipment & Supplies,Healthcare Supplies & Distributions,F112,"COMPOSITE, DBX, IDXHEALTH, ISSI",,Development,1562500000,118750000000
MEGA,Bank Mega Tbk.,Financials,Banks,Banks,Banks,G111,"COMPOSITE, IDXFINANCE, IDXSMC-COM, MBX",2000-04-17,Main,23247028262,45796645676140
MEJA,Harta Djaya Karya Tbk.,Consumer Cyclicals,Household Goods,Household Goods,Home Furnishings,E211,ABX,2024-02-12,Acceleration,2608081058,247767700510
MENN,Menn Teknologi Indonesia Tbk.,Technology,Technology Hardware & Equipment,"Electronic Equipment, Instruments & Components",Electronic Equipment & Instruments,I231,,2023-04-18,Watchlist,1434052006,76004756318
MERI,Merry Riana Edukasi Tbk.,Consumer Cyclicals,Consumer Services,Education & Support Services,Education Services,E521,"COMPOSITE, DBX, IDXCYCLIC, ISSI",2025-07-10,Development,1035132500,106618647500
MERK,Merck Tbk.,Healthcare,Pharmaceuticals & Health Care Research,Pharmaceuticals,Pharmaceuticals,F211,"COMPOSITE, IDXHEALTH, IDXSMC-COM, ISSI, MBX",1981-07-23,Main,448000000,1702400000000
META,Nusantara Infrastructure Tbk.,Infrastructures,Transportation Infrastructure,Transport Infrastructure Operator,Highways & Railtracks,J112,"COMPOSITE, DBX, IDXINFRA, IDXSMC-COM, ISSI",2001-07-18,Development,17710708194,4215148550172
MFMI,Multifiling Mitra Indonesia Tb,Industrials,Industrial Services,Commercial Services,Business Support Services,C224,"COMPOSITE, IDXINDUST, ISSI",2010-12-29,Watchlist,757581000,984855300000
MGLV,NexAI Digital Infrastruktur Tb,Consumer Cyclicals,Household Goods,Household Goods,Home Furnishings,E211,ABX,2021-06-08,Acceleration,1904883411,15905776481850
MGNA,Magna Investama Mandiri Tbk.,Financials,Holding & Investment Companies,Holding & Investment Companies,Investment Companies,G512,"COMPOSITE, DBX, IDXCYCLIC",2014-07-08,Development,3411123326,392276997490
MGRO,Mahkota Group Tbk.,Consumer Non-Cyclicals,Food & Beverage,Agricultural Products,Plantations & Crops,D232,"COMPOSITE, DBX, IDXNONCYC, IDXSMC-COM",2018-07-12,Development,3554445700,2523656447000
MHKI,Multi Hanna Kreasindo Tbk.,Industrials,Industrial Services,Commercial Services,Environmental & Facilities Services,C222,"COMPOSITE, DBX, IDXINDUST, ISSI",2024-04-16,Development,3750000000,502500000000
MICE,Multi Indocitra Tbk.,Consumer Cyclicals,Household Goods,Household Goods,Housewares & Specialties,E213,"COMPOSITE, DBX, IDXCYCLIC, ISSI",2005-12-21,Development,600000000,312000000000
MIDI,Midi Utama Indonesia Tbk.,Consumer Non-Cyclicals,Food & Staples Retailing,Food & Staples Retailing,Supermarkets & Convenience Store,D113,"COMPOSITE, IDXNONCYC, IDXSMC-COM, IDXSMC-LIQ, MBX",2010-11-30,Main,33435294800,9495623723200
MIKA,Mitra Keluarga Karyasehat Tbk.,Healthcare,Healthcare Equipment & Providers,Healthcare Providers,Healthcare Providers,F121,"BISNIS-27, COMPOSITE, IDX80, IDXESGL, IDXHEALTH, IDXQ30, IDXSMC-COM, IDXSMC-LIQ, ISSI, JII70, KOMPAS100, MBX, MNC36, SMinfra18",2015-03-24,Main,13907481500,24546704847500
MINA,Sanurhasta Mitra Tbk.,Consumer Cyclicals,Consumer Services,Tourism & Recreation,"Hotels, Resorts & Cruise Lines",E512,"COMPOSITE, DBX, IDXCYCLIC, IDXSMC-COM",2017-04-28,Development,9843750000,2677500000000
MINE,Sinar Terang Mandiri Tbk.,Basic Materials,Basic Materials,Metals & Minerals,Diversified Metals & Minerals,B146,"COMPOSITE, DBX, IDXBASIC, IDXSMC-COM, ISSI",2025-03-10,Development,4084435300,906744636600
MIRA,Mitra International Resources,Transportation & Logistic,Logistics & Deliveries,Logistics & Deliveries,Logistics & Deliveries,K211,"COMPOSITE, IDXTRANS, ISSI",1997-01-30,Watchlist,3961452039,91113396897
MITI,Mitra Investindo Tbk.,Transportation & Logistic,Logistics & Deliveries,Logistics & Deliveries,Logistics & Deliveries,K211,"COMPOSITE, DBX, IDXSMC-COM, IDXTRANS, ISSI",1997-07-16,Development,3750526603,607585309686
MKAP,Multikarya Asia Pasifik Raya T,Energy,"Oil, Gas & Coal","Oil, Gas & Coal Supports","Oil, Gas & Coal Equipment & Services",A132,"COMPOSITE, DBX, IDXENERGY, IDXSMC-COM, ISSI",2024-02-12,Development,3250000000,3770000000000
MKNT,Mitra Komunikasi Nusantara Tbk,Consumer Cyclicals,Retailing,Consumer Distributors,Consumer Distributors,E711,"COMPOSITE, IDXCYCLIC, ISSI",2015-10-26,Watchlist,5500000000,5500000000
MKPI,Metropolitan Kentjana Tbk.,Properties & Real Estate,Properties & Real Estate,Real Estate Management & Development,Real Estate Development & Management,H111,"COMPOSITE, DBX, IDXPROPERT, IDXSMC-COM, ISSI",2009-07-10,Development,948194000,20646924350000
MKTR,Menthobi Karyatama Raya Tbk.,Consumer Non-Cyclicals,Food & Beverage,Agricultural Products,Plantations & Crops,D232,"COMPOSITE, IDXNONCYC, IDXSMC-COM, ISSI, MBX",2022-11-08,Main,12060428584,1507553573000
MLBI,Multi Bintang Indonesia Tbk.,Consumer Non-Cyclicals,Food & Beverage,Beverages,Liquors,D211,"COMPOSITE, IDXNONCYC, IDXSMC-COM, MBX",1981-12-15,Main,2107000000,14327600000000
MLIA,Mulia Industrindo Tbk,Industrials,Industrial Goods,Building Products & Fixtures,Building Products & Fixtures,C121,"COMPOSITE, IDXINDUST, IDXSMC-COM, ISSI",1994-01-17,Watchlist,6615000000,1534680000000
MLPL,Multipolar Tbk.,Industrials,Multi-sector Holdings,Multi-sector Holdings,Multi-sector Holdings,C311,"COMPOSITE, IDXNONCYC, IDXSMC-COM, ISSI, MBX",1989-11-06,Main,15682323987,1521185426739
MLPT,Multipolar Technology Tbk.,Technology,Software & IT Services,IT Services & Consulting,IT Services & Consulting,I121,"COMPOSITE, DBX, IDXTECHNO, ISSI",2013-07-08,Development,46875000000,90234375000000
MMIX,Multi Medika Internasional Tbk,Healthcare,Healthcare Equipment & Providers,Healthcare Equipment & Supplies,Healthcare Supplies & Distributions,F112,"COMPOSITE, IDXHEALTH, IDXSMC-COM, ISSI",2022-12-06,Development,4800425380,3528312654300
MMLP,Mega Manunggal Property Tbk.,Properties & Real Estate,Properties & Real Estate,Real Estate Management & Development,Real Estate Development & Management,H111,"COMPOSITE, DBX, IDXPROPERT, IDXSMC-COM, ISSI",2015-06-12,Development,6889134608,2052962113184
MNCN,Media Nusantara Citra Tbk.,Consumer Cyclicals,Media & Entertainment,Media,Broadcasting,E612,"COMPOSITE, IDXCYCLIC, IDXSMC-COM, IDXSMC-LIQ, ISSI, MBX, MNC36",2007-06-22,Main,15049787710,3160455419100
MOLI,Madusari Murni Indah Tbk.,Basic Materials,Basic Materials,Chemicals,Basic Chemicals,B111,"COMPOSITE, DBX, IDXBASIC",,Development,2724036581,719145657384
MORA,Ekamas Mora Republik Tbk.,Infrastructures,Telecommunication,Telecommunication Service,Wired Telecommunication Service,J311,"COMPOSITE, IDXINFRA, ISSI, MBX",,Main,47774192736,298588704600000
MPIX,Mitra Pedagang Indonesia Tbk.,Technology,Software & IT Services,Online Applications & Services,Online Applications & Services,I111,"COMPOSITE, DBX, IDXTECHNO, ISSI",2024-02-07,Development,1562574308,150007133568
MPMX,Mitra Pinasthika Mustika Tbk.,Consumer Cyclicals,Retailing,Specialty Retail,Automotive Retail,E745,"COMPOSITE, IDXCYCLIC, IDXSMC-COM, ISSI, MBX",2013-05-29,Main,4386963276,4430832908760
MPOW,Megapower Makmur Tbk.,Infrastructures,Utilities,Electric Utilities,Electric Utilities,J411,"COMPOSITE, DBX, IDXINFRA, ISSI",2017-07-05,Development,816997053,86601687618
MPPA,Matahari Putra Prima Tbk.,Consumer Non-Cyclicals,Food & Staples Retailing,Food & Staples Retailing,Supermarkets & Convenience Store,D113,"COMPOSITE, IDXNONCYC, ISSI",1992-12-21,Watchlist,33828872408,1589957003176
MPRO,Maha Properti Indonesia Tbk.,Properties & Real Estate,Properties & Real Estate,Real Estate Management & Development,Real Estate Development & Management,H111,"COMPOSITE, DBX, IDXPROPERT",2018-10-09,Development,9942500000,109367500000000
MPXL,MPX Logistics International Tb,Transportation & Logistic,Logistics & Deliveries,Logistics & Deliveries,Logistics & Deliveries,K211,"COMPOSITE, DBX, IDXTRANS",2023-05-09,Development,2000014587,306002231811
MRAT,Mustika Ratu Tbk.,Consumer Non-Cyclicals,Nondurable Household Products,Personal Care Products,Personal Care Products,D421,"COMPOSITE, DBX, IDXNONCYC, ISSI",1995-07-27,Development,428000000,188320000000
MREI,Maskapai Reasuransi Indonesia,Financials,Insurance,Insurance,Reasurance,G414,"COMPOSITE, DBX, IDXFINANCE",1989-09-04,Development,517791681,476368346520
MSIE,Multisarana Intan Eduka Tbk.,Properties & Real Estate,Properties & Real Estate,Real Estate Management & Development,Real Estate Development & Management,H111,,,Acceleration,1460007754,140160744384
MSIN,MNC Digital Entertainment Tbk.,Consumer Cyclicals,Media & Entertainment,Entertainment & Movie Production,Entertainment & Movie Production,E621,"COMPOSITE, IDXCYCLIC, IDXSMC-COM, ISSI, MBX, MNC36",2018-06-08,Main,60676178205,24270471282000
MSJA,Multi Spunindo Jaya Tbk.,Consumer Non-Cyclicals,Nondurable Household Products,Personal Care Products,Personal Care Products,D421,"COMPOSITE, DBX, IDXNONCYC, IDXSMC-COM, ISSI",2024-01-10,Development,5882352900,2305882336800
MSKY,MNC Sky Vision Tbk.,Consumer Cyclicals,Media & Entertainment,Media,Cable & Satellite,E613,"COMPOSITE, DBX, IDXCYCLIC, ISSI",2012-07-09,Development,1994370480,131628451680
MSTI,Mastersystem Infotama Tbk.,Technology,Technology Hardware & Equipment,Networking Equipment,Networking Equipment,I211,"COMPOSITE, IDXSMC-COM, IDXTECHNO, ISSI, MBX",2023-11-08,Main,3139416200,4175423546000
MTDL,Metrodata Electronics Tbk.,Technology,Technology Hardware & Equipment,Computer Hardware,Computer Hardware,I221,"COMPOSITE, IDXSMC-COM, IDXTECHNO, ISSI, MBX",1990-04-09,Main,12276884585,6199826715425
MTEL,Dayamitra Telekomunikasi Tbk.,Infrastructures,Telecommunication,Wireless Telecommunication Services,Wireless Telecommunication Services,J321,"COMPOSITE, ESGQKEHATI, ESGSKEHATI, IDXBUMN20, IDXINFRA, IDXMESBUMN, ISSI, JII70, KOMPAS100, MBX, MNC36, SRI-KEHATI",2021-11-22,Main,83559677444,38604570979128
MTFN,Capitalinc Investment Tbk.,Energy,"Oil, Gas & Coal",Oil & Gas,Oil & Gas Storage & Distribution,A112,"COMPOSITE, IDXENERGY, IDXSMC-COM",1990-04-16,Watchlist,31842082852,413947077076
MTLA,Metropolitan Land Tbk.,Properties & Real Estate,Properties & Real Estate,Real Estate Management & Development,Real Estate Development & Management,H111,"COMPOSITE, IDXPROPERT, IDXSMC-COM, ISSI, MBX",2011-06-20,Main,7655126330,4363422008100
MTMH,Murni Sadar Tbk.,Healthcare,Healthcare Equipment & Providers,Healthcare Providers,Healthcare Providers,F121,"COMPOSITE, IDXHEALTH, IDXSMC-COM, ISSI, MBX",2022-04-20,Main,2068526950,1882359524500
MTPS,Meta Epsi Tbk.,Infrastructures,Heavy Constructions & Civil Engineering,Heavy Constructions & Civil Engineering,Heavy Constructions & Civil Engineering,J211,"COMPOSITE, IDXINFRA, ISSI",2019-04-10,Watchlist,2084850829,168872917149
MTRA,Mitra Pemuda Tbk.,Infrastructures,Heavy Constructions & Civil Engineering,Heavy Constructions & Civil Engineering,Heavy Constructions & Civil Engineering,J211,"COMPOSITE, IDXINFRA",2016-02-10,Watchlist,770000000,187880000000
MTSM,Metro Realty Tbk.,Properties & Real Estate,Properties & Real Estate,Real Estate Management & Development,Real Estate Development & Management,H111,"COMPOSITE, IDXPROPERT, ISSI",1992-01-08,Watchlist,232848000,116424000000
MTWI,Malacca Trust Wuwungan Insuran,Financials,Insurance,Insurance,General Insurance,G412,"COMPOSITE, DBX, IDXFINANCE, IDXSMC-COM",2017-10-12,Development,2924486639,754517552862
MUTU,Mutuagung Lestari Tbk.,Industrials,Industrial Services,Professional Services,Research & Consulting Services,C232,"COMPOSITE, DBX, IDXINDUST, ISSI",,Development,3452228885,376292948465
MYOH,Samindo Resources Tbk.,Energy,"Oil, Gas & Coal","Oil, Gas & Coal Supports","Oil, Gas & Coal Equipment & Services",A132,"COMPOSITE, DBX, IDXENERGY, IDXSMC-COM, ISSI",2000-07-27,Development,2206312500,2316628125000
MYOR,Mayora Indah Tbk.,Consumer Non-Cyclicals,Food & Beverage,Processed Foods,Processed Foods,D222,"COMPOSITE, ESGQKEHATI, I-GRADE, IDX80, IDXNONCYC, IDXQ30, IDXSMC-COM, IDXSMC-LIQ, Investor33, ISSI, JII70, KOMPAS100, MBX, MNC36",1990-07-04,Main,22358699725,37674409036625
MYTX,Asia Pacific Investama Tbk.,Consumer Cyclicals,Apparel & Luxury Goods,Apparel & Luxury Goods,Textiles,E413,"COMPOSITE, IDXCYCLIC",1989-10-10,Watchlist,7747281949,317638559909
NAIK,Adiwarna Anugerah Abadi Tbk.,Industrials,Industrial Services,Diversified Industrial Trading,Diversified Industrial Trading,C211,"COMPOSITE, DBX, IDXINDUST, ISSI",2024-11-13,Development,3329422047,289659718089
NANO,Nanotech Indonesia Global Tbk.,Consumer Non-Cyclicals,Nondurable Household Products,Personal Care Products,Personal Care Products,D421,ABX,2022-03-10,Acceleration,4285440269,124277767801
NASA,Andalan Perkasa Abadi Tbk.,Properties & Real Estate,Properties & Real Estate,Real Estate Management & Development,Real Estate Development & Management,H111,"COMPOSITE, IDXPROPERT",,Watchlist,11004929322,330147879660
NASI,Wahana Inti Makmur Tbk.,Consumer Non-Cyclicals,Food & Beverage,Processed Foods,Processed Foods,D222,"COMPOSITE, DBX, IDXNONCYC, ISSI",2021-12-13,Development,807400000,104154600000
NATO,Olympus Strategic Indonesia Tb,Consumer Cyclicals,Consumer Services,Tourism & Recreation,"Hotels, Resorts & Cruise Lines",E512,"COMPOSITE, DBX, IDXCYCLIC, IDXSMC-COM",2019-01-18,Development,8001111504,5360744707680
NAYZ,Hassana Boga Sejahtera Tbk.,Consumer Non-Cyclicals,Food & Beverage,Processed Foods,Processed Foods,D222,ABX,2023-02-06,Acceleration,2550011472,153000688320
NCKL,Trimegah Bangun Persada Tbk.,Basic Materials,Basic Materials,Metals & Minerals,Diversified Metals & Minerals,B146,"COMPOSITE, DBX, ECONOMIC30, IDXBASIC, IDXLQ45LCL, IDXQ30, IDXV30, KOMPAS100",2023-04-12,Development,63098600000,56473247000000
NELY,Pelayaran Nelly Dwi Putri Tbk.,Transportation & Logistic,Logistics & Deliveries,Logistics & Deliveries,Logistics & Deliveries,K211,"COMPOSITE, DBX, IDXSMC-COM, IDXTRANS, ISSI",2012-10-11,Development,2350000000,470000000000
NEST,Esta Indonesia Tbk.,Consumer Non-Cyclicals,Food & Beverage,Agricultural Products,"Fish, Meat, & Poultry",D231,"COMPOSITE, DBX, IDXNONCYC, IDXSMC-COM, ISSI",,Development,4112500000,2837625000000
NETV,MDTV Media Technologies Tbk.,Consumer Cyclicals,Media & Entertainment,Media,Broadcasting,E612,"COMPOSITE, DBX, IDXCYCLIC, IDXSMC-COM",2022-01-26,Development,41360517722,2109386403822
NFCX,NFC Indonesia Tbk.,Technology,Software & IT Services,Online Applications & Services,Online Applications & Services,I111,"COMPOSITE, DBX, IDXSMC-COM, IDXTECHNO, ISSI",2018-07-12,Development,666667500,996667912500
NICE,Adhi Kartiko Pratama Tbk.,Basic Materials,Basic Materials,Metals & Minerals,Diversified Metals & Minerals,B146,"COMPOSITE, DBX, IDXBASIC, IDXSMC-COM, ISSI",2024-01-09,Development,6082020000,1532669040000
NICK,Charnic Capital Tbk.,Financials,Holding & Investment Companies,Holding & Investment Companies,Investment Companies,G512,"COMPOSITE, DBX, IDXFINANCE",2018-05-02,Development,651150000,794403000000
NICL,PAM Mineral Tbk.,Basic Materials,Basic Materials,Metals & Minerals,Diversified Metals & Minerals,B146,"COMPOSITE, DBX, IDXBASIC, IDXSMC-COM, ISSI",2021-07-09,Development,10635644907,5062566975732
NIKL,Pelat Timah Nusantara Tbk.,Basic Materials,Basic Materials,Metals & Minerals,Diversified Metals & Minerals,B146,"COMPOSITE, DBX, IDXBASIC, IDXMESBUMN, IDXSMC-COM, ISSI",2009-12-14,Development,2523350000,494576600000
NINE,Techno9 Indonesia Tbk.,Technology,Technology Hardware & Equipment,Computer Hardware,Computer Hardware,I221,ABX,2022-12-05,Acceleration,2157000000,157461000000
NIRO,City Retail Developments Tbk.,Properties & Real Estate,Properties & Real Estate,Real Estate Management & Development,Real Estate Development & Management,H111,"COMPOSITE, DBX, IDXPROPERT, IDXSMC-COM",2012-09-13,Development,22198871804,3307631898796
NISP,Bank OCBC NISP Tbk.,Financials,Banks,Banks,Banks,G111,"COMPOSITE, ESGQKEHATI, ESGSKEHATI, IDXFINANCE, IDXSMC-COM, IDXVESTA28, INFOBANK15, MBX",1994-10-20,Main,22715776032,29303351081280
NOBU,Bank Nationalnobu Tbk.,Financials,Banks,Banks,Banks,G111,"COMPOSITE, IDXFINANCE, IDXSMC-COM, MBX",2013-05-20,Main,7403659460,3509334584040
NPGF,Nusa Palapa Gemilang Tbk.,Basic Materials,Basic Materials,Chemicals,Agricultural Chemicals,B112,"COMPOSITE, DBX, IDXBASIC",2021-04-14,Development,3240235840,194414150400
NRCA,Nusa Raya Cipta Tbk.,Infrastructures,Heavy Constructions & Civil Engineering,Heavy Constructions & Civil Engineering,Heavy Constructions & Civil Engineering,J211,"COMPOSITE, DBX, IDXINFRA, IDXSMC-COM, ISSI",2013-06-27,Development,2496258344,1238144138624
NSSS,Nusantara Sawit Sejahtera Tbk.,Consumer Non-Cyclicals,Food & Beverage,Agricultural Products,Plantations & Crops,D232,"COMPOSITE, DBX, IDXNONCYC, IDXSMC-COM, ISSI",2023-03-10,Development,23801568645,26300733352725
NTBK,Nusatama Berkah Tbk.,Industrials,Industrial Goods,Machinery,Construction Machinery & Heavy Vehicles,C141,"COMPOSITE, DBX, IDXINDUST, ISSI",2022-02-09,Development,2700064877,251106033561
NUSA,Sinergi Megah Internusa Tbk.,Consumer Cyclicals,Consumer Services,Tourism & Recreation,"Hotels, Resorts & Cruise Lines",E512,"COMPOSITE, IDXCYCLIC",2018-07-12,Watchlist,7700000148,385000007400
NZIA,Nusantara Almazia Tbk.,Properties & Real Estate,Properties & Real Estate,Real Estate Management & Development,Real Estate Development & Management,H111,"COMPOSITE, DBX, IDXPROPERT, ISSI",2019-09-25,Development,2197540705,309853239405
OASA,Maharaksa Biru Energi Tbk.,Infrastructures,Telecommunication,Wireless Telecommunication Services,Wireless Telecommunication Services,J321,"COMPOSITE, DBX, IDXINFRA, IDXSMC-COM",2016-07-18,Development,6347220000,2056499280000
OBAT,Brigit Biofarmaka Teknologi Tb,Healthcare,Pharmaceuticals & Health Care Research,Pharmaceuticals,Pharmaceuticals,F211,"COMPOSITE, DBX, IDXHEALTH, ISSI",2025-01-13,Development,680376575,167372637450
OBMD,OBM Drilchem Tbk.,Basic Materials,Basic Materials,Chemicals,Specialty Chemicals,B113,"COMPOSITE, DBX, IDXBASIC, ISSI",2021-12-08,Development,805992931,145078727580
OCAP,Onix Capital Tbk.,Financials,Holding & Investment Companies,Holding & Investment Companies,Financial Holdings,G511,"COMPOSITE, IDXFINANCE",2003-10-10,Watchlist,273200000,43438800000
OILS,Indo Oil Perkasa Tbk.,Consumer Non-Cyclicals,Food & Beverage,Agricultural Products,Plantations & Crops,D232,"COMPOSITE, DBX, IDXNONCYC",2021-09-06,Development,454056563,105341122616
OKAS,Ancora Indonesia Resources Tbk,Basic Materials,Basic Materials,Chemicals,Specialty Chemicals,B113,"COMPOSITE, DBX, IDXBASIC, ISSI",2006-03-29,Development,2373449165,242091814830
OLIV,Atlas Nexus Group Tbk.,Consumer Cyclicals,Household Goods,Household Goods,Home Furnishings,E211,ABX,2022-05-17,Acceleration,1900073314,96903739014
OMED,Jayamas Medica Industri Tbk.,Healthcare,Healthcare Equipment & Providers,Healthcare Equipment & Supplies,Healthcare Supplies & Distributions,F112,"COMPOSITE, IDXHEALTH, IDXSMC-COM, ISSI, MBX",2022-11-08,Main,27058850000,5898829300000
OMRE,Indonesia Prima Property Tbk,Properties & Real Estate,Properties & Real Estate,Real Estate Management & Development,Real Estate Development & Management,H111,"COMPOSITE, DBX, IDXPROPERT, IDXSMC-COM",,Development,2945211000,3210279990000
OPMS,Optima Prima Metal Sinergi Tbk,Basic Materials,Basic Materials,Metals & Minerals,Iron & Steel,B144,"COMPOSITE, DBX, IDXBASIC",2019-09-23,Development,1000000000,130000000000
PACK,Abadi Nusantara Hijau Investam,Basic Materials,Basic Materials,Containers & Packaging,Containers & Packaging,B131,ABX,2023-02-08,Acceleration,34100039575,8030847906280
PADA,Personel Alih Daya Tbk.,Industrials,Industrial Services,Professional Services,Human Resource & Employment Services,C231,"COMPOSITE, DBX, IDXINDUST, ISSI",2022-12-08,Development,3150000000,453600000000
PADI,Minna Padi Investama Sekuritas,Financials,Investment Service,Investment Services,Investment Banking & Brokerage Services,G312,"COMPOSITE, DBX, IDXFINANCE, IDXSMC-COM",2012-01-09,Main,13568695829,936240012201
PALM,Provident Investasi Bersama Tb,Consumer Non-Cyclicals,Food & Beverage,Agricultural Products,Plantations & Crops,D232,"COMPOSITE, IDXFINANCE, IDXSMC-COM, ISSI, MBX",2012-10-08,Main,15732874458,4593999341736
PAMG,Bima Sakti Pertiwi Tbk.,Properties & Real Estate,Properties & Real Estate,Real Estate Management & Development,Real Estate Development & Management,H111,"COMPOSITE, DBX, IDXPROPERT, ISSI",2019-07-05,Development,3125000000,175000000000
PANI,Pantai Indah Kapuk Dua Tbk.,Properties & Real Estate,Properties & Real Estate,Real Estate Management & Development,Real Estate Development & Management,H111,"COMPOSITE, ECONOMIC30, IDX80, IDXPROPERT, KOMPAS100, MBX",2018-09-18,Main,18189502198,113684388737500
PANR,Panorama Sentrawisata Tbk.,Consumer Cyclicals,Consumer Services,Tourism & Recreation,Travel Agencies,E513,"COMPOSITE, DBX, IDXCYCLIC, ISSI",2001-09-18,Development,1387500000,579975000000
PANS,Panin Sekuritas Tbk.,Financials,Investment Service,Investment Services,Investment Banking & Brokerage Services,G312,"COMPOSITE, IDXFINANCE, IDXSMC-COM, MBX",2000-05-31,Main,720000000,1098000000000
PART,Cipta Perdana Lancar Tbk.,Consumer Cyclicals,Automobiles & Components,Auto Components,Auto Parts & Equipment,E111,"COMPOSITE, DBX, IDXCYCLIC, ISSI",2024-07-05,Development,2850594054,290760593508
PBID,Panca Budi Idaman Tbk.,Basic Materials,Basic Materials,Containers & Packaging,Containers & Packaging,B131,"COMPOSITE, IDXBASIC, IDXSMC-COM, ISSI, MBX",2017-12-13,Main,7500000000,3975000000000
PBRX,Pan Brothers Tbk.,Consumer Cyclicals,Apparel & Luxury Goods,Apparel & Luxury Goods,"Clothing, Accessories & Bags",E411,"COMPOSITE, IDXCYCLIC, IDXSMC-COM",,Watchlist,21482028246,558532734396
PBSA,Paramita Bangun Sarana Tbk.,Infrastructures,Heavy Constructions & Civil Engineering,Heavy Constructions & Civil Engineering,Heavy Constructions & Civil Engineering,J211,"COMPOSITE, DBX, IDXINFRA, IDXSMC-COM",2016-09-28,Development,3000000000,2310000000000
PCAR,Prima Cakrawala Abadi Tbk.,Consumer Non-Cyclicals,Food & Staples Retailing,Food & Staples Retailing,Food Retail & Distributors,D112,"COMPOSITE, IDXNONCYC, ISSI",2017-12-29,Watchlist,1166666700,52500001500
PDES,Destinasi Tirta Nusantara Tbk,Consumer Cyclicals,Consumer Services,Tourism & Recreation,Travel Agencies,E513,"COMPOSITE, IDXCYCLIC, ISSI",2008-07-08,Development,715000000,267410000000
PDPP,Primadaya Plastisindo Tbk.,Basic Materials,Basic Materials,Containers & Packaging,Containers & Packaging,B131,"COMPOSITE, DBX, IDXBASIC, IDXSMC-COM, ISSI",2022-11-09,Development,3061341438,942893162904
PEGE,Panca Global Kapital Tbk.,Financials,Holding & Investment Companies,Holding & Investment Companies,Financial Holdings,G511,"COMPOSITE, DBX, IDXFINANCE",2005-06-24,Development,3777889408,362677383168
PEHA,Phapros Tbk.,Healthcare,Pharmaceuticals & Health Care Research,Pharmaceuticals,Pharmaceuticals,F211,"COMPOSITE, DBX, IDXHEALTH, ISSI",2018-12-26,Development,840000000,220080000000
PEVE,Penta Valent Tbk.,Healthcare,Pharmaceuticals & Health Care Research,Pharmaceuticals,Pharmaceuticals,F211,"COMPOSITE, DBX, IDXHEALTH, IDXSMC-COM, ISSI",2023-01-24,Development,1765625000,593250000000
PGAS,Perusahaan Gas Negara (Persero,Energy,"Oil, Gas & Coal",Oil & Gas,Oil & Gas Storage & Distribution,A112,"BISNIS-27, COMPOSITE, ESGQKEHATI, ESGSKEHATI, IDX30, IDX80, IDXBUMN20, IDXENERGY, IDXG30, IDXHIDIV20, IDXLQ45LCL, IDXMESBUMN, IDXSHAGROW, IDXSMC-COM, IDXSMC-LIQ, IDXV30, IDXVESTA28, Investor33, ISSI, JII, JII70, KOMPAS100, LQ45, MBX, SMinfra18, SRI-KEHATI",2003-12-15,Main,24241508196,36362262294000
PGEO,Pertamina Geothermal Energy Tb,Infrastructures,Utilities,Electric Utilities,Electric Utilities,J411,"COMPOSITE, ESGQKEHATI, ESGSKEHATI, IDX30, IDX80, IDXBUMN20, IDXESGL, IDXINFRA, IDXLQ45LCL, IDXQ30, IDXSMC-COM, IDXSMC-LIQ, KOMPAS100, LQ45, MBX, MNC36, SMinfra18, SRI-KEHATI",2023-02-24,Main,41899535623,42318530979230
PGJO,Bahtera Bumi Raya Tbk.,Technology,Software & IT Services,Online Applications & Services,Online Applications & Services,I111,,2020-01-08,Watchlist,795859095,604852912200
PGLI,Pembangunan Graha Lestari Inda,Consumer Cyclicals,Consumer Services,Tourism & Recreation,Restaurants,E515,"COMPOSITE, DBX, IDXCYCLIC, ISSI",2000-04-05,Development,488000000,95648000000
PGUN,Pradiksi Gunatama Tbk.,Consumer Non-Cyclicals,Food & Beverage,Agricultural Products,Plantations & Crops,D232,"COMPOSITE, DBX, IDXNONCYC, ISSI",2020-07-07,Development,5737848882,43177312837050
PICO,Pelangi Indah Canindo Tbk,Basic Materials,Basic Materials,Containers & Packaging,Containers & Packaging,B131,"COMPOSITE, DBX, IDXBASIC, ISSI",1996-09-23,Development,568375000,72183625000
PIPA,Oxala Energy International Tbk,Industrials,Industrial Goods,Building Products & Fixtures,Building Products & Fixtures,C121,"COMPOSITE, DBX, IDXINDUST",2023-04-10,Development,3426097190,411131662800
PJAA,Pembangunan Jaya Ancol Tbk.,Consumer Cyclicals,Consumer Services,Tourism & Recreation,Recreational & Sports Facilities,E514,"COMPOSITE, DBX, IDXCYCLIC, ISSI",2004-07-02,Development,1599999996,719999998200
PJHB,Pelayaran Jaya Hidup Baru Tbk.,Transportation & Logistic,Logistics & Deliveries,Logistics & Deliveries,Logistics & Deliveries,K211,"COMPOSITE, DBX, IDXTRANS, ISSI",2025-11-06,Development,1920773981,322677610248
PKPK,Paragon Karya Perkasa Tbk.,Energy,"Oil, Gas & Coal","Oil, Gas & Coal Supports","Oil, Gas & Coal Equipment & Services",A132,"COMPOSITE, DBX, IDXENERGY, IDXSMC-COM, ISSI",2007-07-11,Development,1200000000,4716000000000
PLAN,Planet Properindo Jaya Tbk.,Consumer Cyclicals,Consumer Services,Tourism & Recreation,"Hotels, Resorts & Cruise Lines",E512,ABX,2020-09-15,Acceleration,896709596,34971674244
PLAS,Polaris Investama Tbk,Financials,Holding & Investment Companies,Holding & Investment Companies,Financial Holdings,G511,"COMPOSITE, IDXFINANCE",2001-03-16,Watchlist,1184200000,59210000000
PLIN,Plaza Indonesia Realty Tbk.,Properties & Real Estate,Properties & Real Estate,Real Estate Management & Development,Real Estate Development & Management,H111,"COMPOSITE, IDXPROPERT, IDXSMC-COM, ISSI",1992-06-15,Watchlist,3550000000,8910500000000
PMJS,Putra Mandiri Jembar Tbk.,Consumer Cyclicals,Retailing,Specialty Retail,Automotive Retail,E745,"COMPOSITE, DBX, IDXCYCLIC, IDXSMC-COM, ISSI",2019-12-18,Development,13755600000,1595649600000
PMMP,Panca Mitra Multiperdana Tbk.,Consumer Non-Cyclicals,Food & Beverage,Processed Foods,Processed Foods,D222,"COMPOSITE, IDXNONCYC",2020-12-18,Watchlist,2588300000,129415000000
PMUI,Prima Multi Usaha Indonesia Tb,Consumer Cyclicals,Retailing,Consumer Distributors,Consumer Distributors,E711,"COMPOSITE, DBX, IDXCYCLIC, ISSI",2025-07-10,Development,5800000000,551000000000
PNBN,Bank Pan Indonesia Tbk,Financials,Banks,Banks,Banks,G111,"COMPOSITE, I-GRADE, IDXFINANCE, IDXSMC-COM, INFOBANK15, MBX, PRIMBANK10",1982-12-29,Main,23837645998,21334693168210
PNBS,Bank Panin Dubai Syariah Tbk.,Financials,Banks,Banks,Banks,G111,"COMPOSITE, DBX, IDXFINANCE, IDXSMC-COM, ISSI",2014-01-15,Development,38425504906,1921275245300
PNGO,AEP Pinago Plantations Tbk.,Consumer Non-Cyclicals,Food & Beverage,Agricultural Products,Plantations & Crops,D232,"COMPOSITE, IDXNONCYC, IDXSMC-COM, ISSI",,Watchlist,781250000,2781250000000
PNIN,Paninvest Tbk.,Financials,Insurance,Insurance,General Insurance,G412,"COMPOSITE, IDXFINANCE, IDXSMC-COM, MBX",1983-09-20,Main,4068323920,2949534842000
PNLF,Panin Financial Tbk.,Financials,Insurance,Insurance,Life Insurance,G413,"COMPOSITE, ECONOMIC30, IDX80, IDXFINANCE, IDXSMC-COM, IDXV30, KOMPAS100, MBX",1983-06-14,Main,32022073293,7301032710804
PNSE,Pudjiadi & Sons Tbk.,Consumer Cyclicals,Consumer Services,Tourism & Recreation,"Hotels, Resorts & Cruise Lines",E512,"COMPOSITE, DBX, IDXCYCLIC",1990-05-01,Development,797813496,390928613040
POLA,Pool Advista Finance Tbk.,Financials,Financing Service,Consumer Financing,Consumer Financing,G211,"COMPOSITE, DBX, IDXFINANCE",2018-11-16,Development,3351075600,194362384800
POLI,Pollux Hotels Group Tbk.,Properties & Real Estate,Properties & Real Estate,Real Estate Management & Development,Real Estate Development & Management,H111,"COMPOSITE, DBX, IDXPROPERT, IDXSMC-COM, ISSI",2019-01-10,Development,2010526400,1457631640000
POLL,Pollux Properties Indonesia Tb,Properties & Real Estate,Properties & Real Estate,Real Estate Management & Development,Real Estate Development & Management,H111,"COMPOSITE, IDXPROPERT",2018-07-11,Watchlist,8318823600,931708243200
POLU,Golden Flower Tbk.,Consumer Cyclicals,Apparel & Luxury Goods,Apparel & Luxury Goods,"Clothing, Accessories & Bags",E411,"COMPOSITE, DBX, IDXCYCLIC, IDXSMC-COM, ISSI",2019-06-26,Development,750000000,9187500000000
POLY,Asia Pacific Fibers Tbk,Consumer Cyclicals,Apparel & Luxury Goods,Apparel & Luxury Goods,Textiles,E413,"COMPOSITE, IDXCYCLIC",1991-03-12,Watchlist,2495753334,79864106688
POOL,Pool Advista Indonesia Tbk.,Financials,Holding & Investment Companies,Holding & Investment Companies,Financial Holdings,G511,"COMPOSITE, IDXFINANCE",1991-05-20,Watchlist,2341366264,117068313200
PORT,Nusantara Pelabuhan Handal Tbk,Infrastructures,Transportation Infrastructure,Transport Infrastructure Operator,Marine Ports & Services,J113,"COMPOSITE, IDXINFRA, IDXSMC-COM, ISSI, MBX",2017-03-16,Main,2813941985,2434059817025
POSA,Bliss Properti Indonesia Tbk.,Properties & Real Estate,Properties & Real Estate,Real Estate Management & Development,Real Estate Development & Management,H111,"COMPOSITE, IDXPROPERT",2019-05-10,Watchlist,8388870206,419443510300
POWR,Cikarang Listrindo Tbk.,Infrastructures,Utilities,Electric Utilities,Electric Utilities,J411,"COMPOSITE, ESGQKEHATI, ESGSKEHATI, IDXINFRA, IDXSMC-COM, ISSI, MBX, SRI-KEHATI",2016-06-14,Main,16087156000,11663188100000
PPGL,Prima Globalindo Logistik Tbk.,Transportation & Logistic,Logistics & Deliveries,Logistics & Deliveries,Logistics & Deliveries,K211,ABX,2020-07-20,Acceleration,771178020,161947384200
PPRE,PP Presisi Tbk.,Infrastructures,Heavy Constructions & Civil Engineering,Heavy Constructions & Civil Engineering,Heavy Constructions & Civil Engineering,J211,"COMPOSITE, DBX, IDXINFRA, IDXSMC-COM, ISSI",2017-11-24,Development,10224271000,1053099913000
PPRI,Paperocks Indonesia Tbk.,Basic Materials,Basic Materials,Containers & Packaging,Containers & Packaging,B131,"COMPOSITE, DBX, IDXBASIC, ISSI",,Development,1075027288,160179065912
PPRO,PP Properti Tbk.,Properties & Real Estate,Properties & Real Estate,Real Estate Management & Development,Real Estate Development & Management,H111,"COMPOSITE, IDXPROPERT, IDXSMC-COM",2015-05-19,Watchlist,61675671883,986810750128
PRAY,Famon Awal Bros Sedaya Tbk.,Healthcare,Healthcare Equipment & Providers,Healthcare Providers,Healthcare Providers,F121,"COMPOSITE, IDXHEALTH, IDXSMC-COM, ISSI, MBX",2022-11-08,Main,13959422300,9771595610000
PRDA,Prodia Widyahusada Tbk.,Healthcare,Healthcare Equipment & Providers,Healthcare Providers,Healthcare Providers,F121,"COMPOSITE, IDXHEALTH, IDXSMC-COM, ISSI, MBX",2016-12-07,Main,937500000,2250000000000
PRDL,Prodia Diagnostic Line Tbk.,Healthcare,Healthcare Equipment & Providers,Healthcare Equipment & Supplies,Healthcare Supplies & Distributions,F112,"COMPOSITE, DBX, IDXHEALTH",2026-07-09,Development,1742900000,474068800000
PRIM,Royal Prima Tbk.,Healthcare,Healthcare Equipment & Providers,Healthcare Providers,Healthcare Providers,F121,"COMPOSITE, DBX, IDXHEALTH, ISSI",2018-05-15,Development,3393434905,346130360310
PSAB,J Resources Asia Pasifik Tbk.,Basic Materials,Basic Materials,Metals & Minerals,Gold,B143,"COMPOSITE, DBX, IDXBASIC, IDXSMC-COM, ISSI, KOMPAS100",2003-04-22,Development,26460000000,11483640000000
PSAT,Pancaran Samudera Transport Tb,Energy,"Oil, Gas & Coal",Coal,Coal Distribution,A122,"COMPOSITE, DBX, IDXENERGY, ISSI",2025-07-08,Development,1482353000,1260000050000
PSDN,Prasidha Aneka Niaga Tbk,Consumer Non-Cyclicals,Food & Beverage,Processed Foods,Processed Foods,D222,"COMPOSITE, DBX, IDXNONCYC, ISSI",1994-10-18,Development,1440000000,188640000000
PSGO,Palma Serasih Tbk.,Consumer Non-Cyclicals,Food & Beverage,Agricultural Products,Plantations & Crops,D232,"COMPOSITE, IDXNONCYC, IDXSMC-COM, ISSI, MBX",2019-11-25,Main,18850000000,3694600000000
PSKT,Red Planet Indonesia Tbk.,Consumer Cyclicals,Consumer Services,Tourism & Recreation,"Hotels, Resorts & Cruise Lines",E512,"COMPOSITE, DBX, IDXCYCLIC, IDXSMC-COM, ISSI",1995-09-19,Development,10351231636,2318675886464
PSSI,IMC Pelita Logistik Tbk.,Energy,"Oil, Gas & Coal",Coal,Coal Distribution,A122,"COMPOSITE, IDXENERGY, IDXSMC-COM, ISSI, MBX",2017-12-05,Main,5417063153,1722626082654
PTBA,Bukit Asam (Persero) Tbk.,Energy,"Oil, Gas & Coal",Coal,Coal Production,A121,"BISNIS-27, COMPOSITE, IDX30, IDX80, IDXBUMN20, IDXENERGY, IDXHIDIV20, IDXMESBUMN, IDXQ30, IDXSHAGROW, IDXSMC-COM, IDXSMC-LIQ, IDXV30, Investor33, ISSI, JII, JII70, KOMPAS100, LQ45, MBX, MNC36",2002-12-23,Main,11520659250,26727929460000
PTDU,Djasa Ubersakti Tbk.,Infrastructures,Heavy Constructions & Civil Engineering,Heavy Constructions & Civil Engineering,Heavy Constructions & Civil Engineering,J211,"COMPOSITE, IDXINFRA",2020-12-08,Watchlist,1500000000,105000000000
PTIS,Indo Straits Tbk.,Energy,"Oil, Gas & Coal",Coal,Coal Distribution,A122,"COMPOSITE, DBX, IDXENERGY, ISSI",2011-07-12,Development,550165300,148544631000
PTMP,Mitra Pack Tbk.,Industrials,Industrial Goods,Machinery,Industrial Machinery & Components,C143,"COMPOSITE, DBX, IDXINDUST, ISSI",2023-03-06,Development,3169200000,196490400000
PTMR,Master Print Tbk.,Basic Materials,Basic Materials,Containers & Packaging,Containers & Packaging,B131,"COMPOSITE, IDXBASIC, ISSI",2024-10-08,Watchlist,1907000000,713218000000
PTPP,PP (Persero) Tbk.,Infrastructures,Heavy Constructions & Civil Engineering,Heavy Constructions & Civil Engineering,Heavy Constructions & Civil Engineering,J211,"COMPOSITE, ESGSKEHATI, IDXBUMN20, IDXINFRA, IDXMESBUMN, IDXSMC-COM, IDXSMC-LIQ, ISSI, MBX",2010-02-09,Main,6199897354,1252379265508
PTPS,Pulau Subur Tbk.,Consumer Non-Cyclicals,Food & Beverage,Agricultural Products,Plantations & Crops,D232,"COMPOSITE, DBX, IDXNONCYC, ISSI",2023-10-09,Development,2167514856,325127228400
PTPW,Pratama Widya Tbk.,Infrastructures,Heavy Constructions & Civil Engineering,Heavy Constructions & Civil Engineering,Heavy Constructions & Civil Engineering,J211,"COMPOSITE, DBX, IDXINFRA, ISSI",2020-02-07,Development,878187500,992351875000
PTRO,Petrosea Tbk.,Energy,"Oil, Gas & Coal","Oil, Gas & Coal Supports","Oil, Gas & Coal Equipment & Services",A132,"COMPOSITE, I-GRADE, IDX80, IDXENERGY, KOMPAS100, MBX",1990-05-21,Main,10086050000,47505295500000
PTSN,Sat Nusapersada Tbk,Technology,Technology Hardware & Equipment,Networking Equipment,Networking Equipment,I211,"COMPOSITE, DBX, IDXSMC-COM, IDXTECHNO, ISSI",2007-11-08,Development,5314344000,1466758944000
PTSP,Pioneerindo Gourmet Internatio,Consumer Cyclicals,Consumer Services,Tourism & Recreation,Restaurants,E515,"COMPOSITE, DBX, IDXCYCLIC, ISSI",1994-05-30,Development,220808000,196519120000
PUDP,Pudjiadi Prestige Tbk.,Properties & Real Estate,Properties & Real Estate,Real Estate Management & Development,Real Estate Development & Management,H111,"COMPOSITE, DBX, IDXPROPERT",1994-11-18,Development,659120000,200372480000
PURA,Putra Rajawali Kencana Tbk.,Transportation & Logistic,Logistics & Deliveries,Logistics & Deliveries,Logistics & Deliveries,K211,"COMPOSITE, IDXTRANS, ISSI",2020-01-29,Watchlist,6301930902,201661788864
PURE,Trinitan Metals and Minerals T,Basic Materials,Basic Materials,Metals & Minerals,Diversified Metals & Minerals,B146,"COMPOSITE, IDXBASIC",2019-10-09,Watchlist,1375181505,70134256755
PURI,Puri Global Sukses Tbk.,Properties & Real Estate,Properties & Real Estate,Real Estate Management & Development,Real Estate Development & Management,H111,"COMPOSITE, DBX, IDXPROPERT, ISSI",2020-09-08,Development,1000000000,136000000000
PWON,Pakuwon Jati Tbk.,Properties & Real Estate,Properties & Real Estate,Real Estate Management & Development,Real Estate Development & Management,H111,"COMPOSITE, ECONOMIC30, ESGQKEHATI, ESGSKEHATI, IDX80, IDXESGL, IDXPROPERT, IDXQ30, IDXSMC-COM, IDXSMC-LIQ, IDXV30, KOMPAS100, MBX, MNC36, SRI-KEHATI",1989-10-09,Main,48159602400,12810454238400
PYFA,Pyridam Farma Tbk,Healthcare,Pharmaceuticals & Health Care Research,Pharmaceuticals,Pharmaceuticals,F211,"COMPOSITE, DBX, IDXHEALTH, IDXSMC-COM",2001-10-16,Development,11236750616,2359717606260
PZZA,Sarimelati Kencana Tbk.,Consumer Cyclicals,Consumer Services,Tourism & Recreation,Restaurants,E515,"COMPOSITE, DBX, IDXCYCLIC, ISSI",2018-05-23,Development,3021875000,580200000000
RAAM,Tripar Multivision Plus Tbk.,Consumer Cyclicals,Media & Entertainment,Entertainment & Movie Production,Entertainment & Movie Production,E621,"COMPOSITE, IDXCYCLIC, IDXSMC-COM, ISSI, MBX",2023-05-08,Main,6813620000,1389978480000
RAFI,Sari Kreasi Boga Tbk.,Consumer Cyclicals,Consumer Services,Tourism & Recreation,Restaurants,E515,"COMPOSITE, IDXCYCLIC",,Watchlist,3128140475,112613057100
RAJA,Rukun Raharja Tbk.,Energy,"Oil, Gas & Coal",Oil & Gas,Oil & Gas Storage & Distribution,A112,"COMPOSITE, IDX80, IDXENERGY, IDXG30, IDXSMC-COM, ISSI, JII, JII70, KOMPAS100, MBX",2006-04-19,Main,21135412500,18810517125000
RALS,Ramayana Lestari Sentosa Tbk.,Consumer Cyclicals,Retailing,Department Stores,Department Stores,E731,"COMPOSITE, IDXCYCLIC, IDXSMC-COM, ISSI, MBX",1996-07-24,Main,7096000000,2682288000000
RANC,Supra Boga Lestari Tbk.,Consumer Non-Cyclicals,Food & Staples Retailing,Food & Staples Retailing,Supermarkets & Convenience Store,D113,"COMPOSITE, DBX, IDXNONCYC, IDXSMC-COM, ISSI",2012-06-07,Development,1564487500,813533500000
RANS,Rans Entertainmen Indonesia Tb,Consumer Cyclicals,Media & Entertainment,Entertainment & Movie Production,Entertainment & Movie Production,E621,"COMPOSITE, DBX, IDXCYCLIC",2026-07-10,Development,12609250000,2622724000000
RATU,Raharja Energi Cepu Tbk.,Energy,"Oil, Gas & Coal",Oil & Gas,Oil & Gas Production & Refinery,A111,"COMPOSITE, DBX, I-GRADE, IDX80, IDXENERGY, IDXSHAGROW, IDXSMC-COM, ISSI, JII, JII70, KOMPAS100",2025-01-08,Development,2715053800,13982527070000
RBMS,Ristia Bintang Mahkotasejati T,Properties & Real Estate,Properties & Real Estate,Real Estate Management & Development,Real Estate Development & Management,H111,"COMPOSITE, DBX, IDXPROPERT, ISSI",1997-12-19,Development,2656212826,172653833690
RCCC,Utama Radar Cahaya Tbk.,Transportation & Logistic,Logistics & Deliveries,Logistics & Deliveries,Logistics & Deliveries,K211,ABX,,Acceleration,787500000,78750000000
RDTX,Roda Vivatex Tbk,Properties & Real Estate,Properties & Real Estate,Real Estate Management & Development,Real Estate Development & Management,H111,"COMPOSITE, IDXPROPERT, IDXSMC-COM",1990-05-14,Development,268800000,3655680000000
REAL,Repower Asia Indonesia Tbk.,Properties & Real Estate,Properties & Real Estate,Real Estate Management & Development,Real Estate Development & Management,H111,"COMPOSITE, DBX, IDXPROPERT, ISSI",2019-12-06,Development,6633610151,338314117701
RELF,Graha Mitra Asia Tbk.,Properties & Real Estate,Properties & Real Estate,Real Estate Management & Development,Real Estate Development & Management,H111,ABX,2023-06-22,Acceleration,5727832195,206201959020
RELI,Reliance Sekuritas Indonesia T,Financials,Investment Service,Investment Services,Investment Banking & Brokerage Services,G312,"COMPOSITE, DBX, IDXFINANCE, IDXSMC-COM",2005-07-13,Development,1800000000,885600000000
RGAS,Kian Santang Muliatama Tbk.,Energy,"Oil, Gas & Coal","Oil, Gas & Coal Supports","Oil, Gas & Coal Equipment & Services",A132,"COMPOSITE, DBX, IDXENERGY, ISSI",2023-11-08,Watchlist,1459234110,353134654620
RICY,Ricky Putra Globalindo Tbk,Consumer Cyclicals,Apparel & Luxury Goods,Apparel & Luxury Goods,"Clothing, Accessories & Bags",E411,"COMPOSITE, DBX, IDXCYCLIC",1998-01-22,Development,641717510,50053965780
RIGS,Rig Tenders Indonesia Tbk.,Energy,"Oil, Gas & Coal",Coal,Coal Distribution,A122,"COMPOSITE, DBX, IDXENERGY",1990-03-05,Development,609130000,414208400000
RIMO,Rimo International Lestari Tbk,Properties & Real Estate,Properties & Real Estate,Real Estate Management & Development,Real Estate Development & Management,H111,"COMPOSITE, IDXPROPERT, IDXSMC-COM",2000-11-10,Watchlist,45080600000,2254030000000
RISE,Jaya Sukses Makmur Sentosa Tbk,Properties & Real Estate,Properties & Real Estate,Real Estate Management & Development,Real Estate Development & Management,H111,"COMPOSITE, DBX, IDXPROPERT, ISSI",2018-07-09,Development,16198599990,16117606990050
RLCO,Abadi Lestari Indonesia Tbk.,Consumer Non-Cyclicals,Food & Beverage,Agricultural Products,"Fish, Meat, & Poultry",D231,"COMPOSITE, DBX, IDXNONCYC",2025-12-08,Development,3125000000,16406250000000
RMKE,RMK Energy Tbk.,Energy,"Oil, Gas & Coal",Coal,Coal Distribution,A122,"COMPOSITE, IDXENERGY, IDXSMC-COM, IDXSMC-LIQ, ISSI, MBX",2021-12-07,Main,21875000000,9143750000000
RMKO,Royaltama Mulia Kontraktorindo,Energy,"Oil, Gas & Coal","Oil, Gas & Coal Supports","Oil, Gas & Coal Equipment & Services",A132,"COMPOSITE, DBX, IDXENERGY, ISSI",2023-07-31,Development,1576720595,469862737310
ROCK,Rockfields Properti Indonesia,Properties & Real Estate,Properties & Real Estate,Real Estate Management & Development,Real Estate Development & Management,H111,"COMPOSITE, DBX, IDXPROPERT, IDXSMC-COM, ISSI",2020-09-10,Development,1435185100,2568981329000
RODA,Pikko Land Development Tbk.,Properties & Real Estate,Properties & Real Estate,Real Estate Management & Development,Real Estate Development & Management,H111,"COMPOSITE, DBX, IDXPROPERT, ISSI",2001-10-22,Development,13592128209,774751307913
RONY,Aracord Nusantara Group Tbk.,Infrastructures,Heavy Constructions & Civil Engineering,Heavy Constructions & Civil Engineering,Heavy Constructions & Civil Engineering,J211,"COMPOSITE, DBX, IDXINFRA, IDXSMC-COM",2020-04-09,Development,1250000000,1650000000000
ROTI,Nippon Indosari Corpindo Tbk.,Consumer Non-Cyclicals,Food & Beverage,Processed Foods,Processed Foods,D222,"COMPOSITE, DBX, IDXNONCYC, IDXSMC-COM, ISSI",2010-06-28,Development,6186488888,3711893332800
RSCH,Charlie Hospital Semarang Tbk.,Healthcare,Healthcare Equipment & Providers,Healthcare Providers,Healthcare Providers,F121,"COMPOSITE, DBX, IDXHEALTH, IDXSMC-COM, ISSI",,Development,2650000000,853300000000
RSGK,Kedoya Adyaraya Tbk.,Healthcare,Healthcare Equipment & Providers,Healthcare Providers,Healthcare Providers,F121,"COMPOSITE, DBX, IDXHEALTH, ISSI",2021-09-08,Development,929675000,920378250000
RUIS,Radiant Utama Interinsco Tbk.,Energy,"Oil, Gas & Coal","Oil, Gas & Coal Supports","Oil, Gas & Coal Equipment & Services",A132,"COMPOSITE, DBX, IDXENERGY, ISSI",2006-07-12,Development,770000000,160160000000
RUNS,Global Sukses Solusi Tbk.,Technology,Software & IT Services,Software,Software,I131,ABX,2021-09-08,Acceleration,983557875,62947704000
SAFE,Steady Safe Tbk,Transportation & Logistic,Transportation,Passenger Land Transportation,Road Transportation,K132,"COMPOSITE, DBX, IDXTRANS, ISSI",,Development,821207512,303846779440
SAGE,Saptausaha Gemilangindah Tbk.,Properties & Real Estate,Properties & Real Estate,Real Estate Management & Development,Real Estate Development & Management,H111,"COMPOSITE, IDXPROPERT, ISSI",2023-03-08,Watchlist,8033527260,281173454100
SAME,Sarana Meditama Metropolitan T,Healthcare,Healthcare Equipment & Providers,Healthcare Providers,Healthcare Providers,F121,"COMPOSITE, IDXHEALTH, IDXSMC-COM, ISSI, MBX",2013-01-11,Main,17164632545,5080731233320
SAMF,Saraswanti Anugerah Makmur Tbk,Basic Materials,Basic Materials,Chemicals,Agricultural Chemicals,B112,"COMPOSITE, IDXBASIC, IDXSMC-COM, ISSI, MBX",2020-03-31,Main,10250000000,2870000000000
SAPX,Satria Antaran Prima Tbk.,Transportation & Logistic,Logistics & Deliveries,Logistics & Deliveries,Logistics & Deliveries,K211,"COMPOSITE, DBX, IDXTRANS, ISSI",2018-10-03,Development,833333300,176666659600
SATU,Kota Satu Properti Tbk.,Properties & Real Estate,Properties & Real Estate,Real Estate Management & Development,Real Estate Development & Management,H111,"COMPOSITE, DBX, IDXPROPERT, ISSI",2018-11-05,Development,1375000000,360250000000
SBAT,Sejahtera Bintang Abadi Textil,Consumer Cyclicals,Apparel & Luxury Goods,Apparel & Luxury Goods,Textiles,E413,"COMPOSITE, IDXCYCLIC",2020-04-08,Watchlist,4752982378,4752982378
SBMA,Surya Biru Murni Acetylene Tbk,Basic Materials,Basic Materials,Chemicals,Basic Chemicals,B111,"COMPOSITE, DBX, IDXBASIC, ISSI",2021-09-08,Development,929926282,100432038456
SCCO,Supreme Cable Manufacturing &,Industrials,Industrial Goods,Electrical,Electrical Components & Equipment,C131,"COMPOSITE, DBX, IDXINDUST, IDXSMC-COM, ISSI",1982-07-20,Development,822333600,1899590616000
SCMA,Surya Citra Media Tbk.,Consumer Cyclicals,Media & Entertainment,Media,Broadcasting,E612,"COMPOSITE, ECONOMIC30, ESGQKEHATI, ESGSKEHATI, IDX80, IDXCYCLIC, IDXESGL, IDXG30, IDXHIDIV20, IDXLQ45LCL, IDXQ30, IDXSMC-COM, IDXSMC-LIQ, KOMPAS100, LQ45, MBX",2002-07-16,Main,63564703280,15385878457040
SCNP,Selaras Citra Nusantara Perkas,Consumer Cyclicals,Household Goods,Household Goods,Household Appliances,E212,"COMPOSITE, DBX, IDXCYCLIC, ISSI",2020-09-07,Development,2500000000,387500000000
SCPI,Organon Pharma Indonesia Tbk.,Healthcare,Pharmaceuticals & Health Care Research,Pharmaceuticals,Pharmaceuticals,F211,"COMPOSITE, IDXHEALTH, ISSI",1990-06-08,Watchlist,3600000,104400000000
SDMU,Sidomulyo Selaras Tbk.,Transportation & Logistic,Logistics & Deliveries,Logistics & Deliveries,Logistics & Deliveries,K211,"COMPOSITE, DBX, IDXTRANS",2011-07-12,Development,2250691100,175553905800
SDPC,Millennium Pharmacon Internati,Consumer Non-Cyclicals,Food & Staples Retailing,Food & Staples Retailing,Drug Retail & Distributors,D111,"COMPOSITE, DBX, IDXNONCYC, ISSI",1990-05-07,Development,1274000000,230594000000
SDRA,Bank Woori Saudara Indonesia 1,Financials,Banks,Banks,Banks,G111,"COMPOSITE, DBX, IDXFINANCE, IDXSMC-COM",2006-12-15,Development,14545267990,3345411637700
SEMA,Semacom Integrated Tbk.,Energy,Alternative Energy,Alternative Energy Equipment,Alternative Energy Equipment,A211,"COMPOSITE, DBX, IDXENERGY, ISSI",2022-01-10,Development,1347258842,132031366516
SFAN,Surya Fajar Capital Tbk.,Financials,Holding & Investment Companies,Holding & Investment Companies,Financial Holdings,G511,"COMPOSITE, DBX, IDXFINANCE, IDXSMC-COM",2019-06-19,Development,1359934021,2685869691475
SGER,Sumber Global Energy Tbk.,Energy,"Oil, Gas & Coal",Coal,Coal Distribution,A122,"COMPOSITE, I-GRADE, IDXENERGY, IDXSMC-COM, ISSI, KOMPAS100, MBX",,Main,15586909438,7606411805744
SGRO,Prime Agri Resources Tbk.,Consumer Non-Cyclicals,Food & Beverage,Agricultural Products,Plantations & Crops,D232,"COMPOSITE, IDXNONCYC, IDXSMC-COM, ISSI, MBX",2007-06-18,Main,1818622000,7401791540000
SHID,Hotel Sahid Jaya International,Consumer Cyclicals,Consumer Services,Tourism & Recreation,"Hotels, Resorts & Cruise Lines",E512,"COMPOSITE, DBX, IDXCYCLIC, IDXSMC-COM, ISSI",1990-05-08,Development,1119326168,688385593320
SHIP,Sillo Maritime Perdana Tbk.,Energy,"Oil, Gas & Coal",Oil & Gas,Oil & Gas Storage & Distribution,A112,"COMPOSITE, IDXENERGY, IDXSMC-COM",2016-06-16,Main,2719790000,5548371600000
SICO,Sigma Energy Compressindo Tbk.,Energy,"Oil, Gas & Coal","Oil, Gas & Coal Supports","Oil, Gas & Coal Equipment & Services",A132,"COMPOSITE, DBX, IDXENERGY, ISSI",2022-04-08,Development,910077764,98288398512
SIDO,Industri Jamu dan Farmasi Sido,Healthcare,Pharmaceuticals & Health Care Research,Pharmaceuticals,Pharmaceuticals,F211,"COMPOSITE, ESGQKEHATI, ESGSKEHATI, IDX80, IDXESGL, IDXHEALTH, IDXQ30, IDXSMC-COM, IDXSMC-LIQ, Investor33, ISSI, JII70, KOMPAS100, MBX, SRI-KEHATI",2013-12-18,Main,30000000000,10860000000000
SILO,Siloam International Hospitals,Healthcare,Healthcare Equipment & Providers,Healthcare Providers,Healthcare Providers,F121,"COMPOSITE, IDXHEALTH, IDXSMC-COM, ISSI, MBX, MNC36",2013-09-12,Main,13006125000,28613475000000
SIMA,Siwani Makmur Tbk,Basic Materials,Basic Materials,Containers & Packaging,Containers & Packaging,B131,"COMPOSITE, IDXBASIC",1994-06-03,Watchlist,442589871,22129493550
SIMP,Salim Ivomas Pratama Tbk.,Consumer Non-Cyclicals,Food & Beverage,Agricultural Products,Plantations & Crops,D232,"COMPOSITE, ESGSKEHATI, IDXNONCYC, IDXSMC-COM, ISSI, MBX",2011-06-09,Main,15501310000,9533305650000
SINI,Singaraja Putra Tbk.,Industrials,Industrial Goods,Building Products & Fixtures,Building Products & Fixtures,C121,"COMPOSITE, IDXINDUST, IDXSMC-COM",2019-11-08,Watchlist,1202500000,8958625000000
SIPD,Sreeya Sewu Indonesia Tbk.,Consumer Non-Cyclicals,Food & Beverage,Agricultural Products,"Fish, Meat, & Poultry",D231,"COMPOSITE, DBX, IDXNONCYC, IDXSMC-COM, ISSI",1996-12-27,Development,1839102056,1232198377520
SKBM,Sekar Bumi Tbk.,Consumer Non-Cyclicals,Food & Beverage,Processed Foods,Processed Foods,D222,"COMPOSITE, DBX, IDXNONCYC, ISSI",2012-09-28,Development,1730103217,951556769350
SKLT,Sekar Laut Tbk.,Consumer Non-Cyclicals,Food & Beverage,Processed Foods,Processed Foods,D222,"COMPOSITE, DBX, IDXNONCYC, IDXSMC-COM, ISSI",1993-09-08,Development,6907405000,1409110620000
SKRN,Superkrane Mitra Utama Tbk.,Industrials,Industrial Goods,Machinery,Construction Machinery & Heavy Vehicles,C141,"COMPOSITE, IDXINDUST, IDXSMC-COM, ISSI, MBX",2018-10-11,Main,7500000000,3075000000000
SKYB,Northcliff Citranusa Indonesia,Technology,Software & IT Services,Software,Software,I131,"COMPOSITE, IDXTECHNO",2010-07-07,Watchlist,585000000,29835000000
SLIS,Gaya Abadi Sempurna Tbk.,Consumer Cyclicals,Retailing,Specialty Retail,Electronics Retail,E742,"COMPOSITE, DBX, IDXCYCLIC, ISSI",2019-10-07,Development,2463367996,155192183748
SMAR,Sinar Mas Agro Resources and T,Consumer Non-Cyclicals,Food & Beverage,Agricultural Products,Plantations & Crops,D232,"COMPOSITE, IDXNONCYC, IDXSMC-COM, ISSI, MBX",1992-11-20,Main,2872193366,16874136025250
SMBR,Semen Baturaja (Persero) Tbk.,Basic Materials,Basic Materials,Construction Materials,Construction Materials,B121,"COMPOSITE, IDXBASIC, IDXBUMN20, IDXMESBUMN, IDXSMC-COM, ISSI, MBX",2013-06-28,Main,9932534336,1619003096768
SMCB,Solusi Bangun Indonesia Tbk.,Basic Materials,Basic Materials,Construction Materials,Construction Materials,B121,"COMPOSITE, IDXBASIC, IDXSMC-COM, ISSI",,Watchlist,9019381973,6990021029075
SMDM,Suryamas Dutamakmur Tbk.,Properties & Real Estate,Properties & Real Estate,Real Estate Management & Development,Real Estate Development & Management,H111,"COMPOSITE, DBX, IDXPROPERT, IDXSMC-COM, ISSI",1995-10-12,Development,4772138237,2648536721535
SMDR,Samudera Indonesia  Tbk.,Transportation & Logistic,Logistics & Deliveries,Logistics & Deliveries,Logistics & Deliveries,K211,"COMPOSITE, I-GRADE, IDXSMC-COM, IDXTRANS, IDXVESTA28, ISSI, MBX",1999-07-05,Main,16375600000,4912680000000
SMGA,Sumber Mineral Global Abadi Tb,Basic Materials,Basic Materials,Metals & Minerals,Diversified Metals & Minerals,B146,"COMPOSITE, DBX, IDXBASIC, IDXSMC-COM, ISSI",2024-01-30,Development,8750000000,621250000000
SMGR,Semen Indonesia (Persero) Tbk.,Basic Materials,Basic Materials,Construction Materials,Construction Materials,B121,"COMPOSITE, ECONOMIC30, ESGQKEHATI, ESGSKEHATI, I-GRADE, IDX80, IDXBASIC, IDXBUMN20, IDXESGL, IDXLQ45LCL, IDXMESBUMN, IDXSMC-COM, IDXSMC-LIQ, Investor33, ISSI, JII70, KOMPAS100, LQ45, MBX, SMinfra18, SRI-KEHATI",1991-07-08,Main,6751540089,9857248529940
SMIL,Sarana Mitra Luas Tbk.,Industrials,Industrial Goods,Machinery,Construction Machinery & Heavy Vehicles,C141,"COMPOSITE, IDXINDUST, IDXSMC-COM, ISSI, KOMPAS100, MBX",2023-05-12,Main,8751668239,3500667295600
SMKL,Satyamitra Kemas Lestari Tbk.,Basic Materials,Basic Materials,Containers & Packaging,Containers & Packaging,B131,"COMPOSITE, DBX, IDXBASIC, ISSI",2019-07-11,Development,3418085290,481950025890
SMKM,Sumber Mas Konstruksi Tbk.,Infrastructures,Heavy Constructions & Civil Engineering,Heavy Constructions & Civil Engineering,Heavy Constructions & Civil Engineering,J211,ABX,2022-03-09,Acceleration,1253000000,86457000000
SMLE,Sinergi Multi Lestarindo Tbk.,Basic Materials,Basic Materials,Chemicals,Basic Chemicals,B111,"COMPOSITE, DBX, IDXBASIC, ISSI",2024-01-10,Development,2328153048,365520028536
SMMA,Sinarmas Multiartha Tbk.,Financials,Holding & Investment Companies,Holding & Investment Companies,Financial Holdings,G511,"COMPOSITE, DBX, IDXFINANCE",1995-07-05,Development,6367664717,128467635665475
SMMT,Golden Eagle Energy Tbk.,Energy,"Oil, Gas & Coal",Coal,Coal Production,A121,"COMPOSITE, DBX, IDXENERGY, IDXSMC-COM, ISSI",1997-12-01,Development,3425000000,6336250000000
SMRA,Summarecon Agung Tbk.,Properties & Real Estate,Properties & Real Estate,Real Estate Management & Development,Real Estate Development & Management,H111,"COMPOSITE, ESGSKEHATI, I-GRADE, IDX80, IDXPROPERT, IDXSMC-COM, IDXSMC-LIQ, IDXV30, ISSI, JII70, KOMPAS100, MBX",1990-05-07,Main,16508568358,5381793284708
SMRU,SMR Utama Tbk.,Energy,"Oil, Gas & Coal","Oil, Gas & Coal Supports","Oil, Gas & Coal Equipment & Services",A132,"COMPOSITE, IDXENERGY",2011-10-10,Watchlist,12499385782,624969289100
SMSM,Selamat Sempurna Tbk.,Consumer Cyclicals,Automobiles & Components,Auto Components,Auto Parts & Equipment,E111,"COMPOSITE, ESGQKEHATI, ESGSKEHATI, IDXCYCLIC, IDXSMC-COM, ISSI, MBX",1996-09-09,Main,5758675440,10308029037600
SNLK,Sunter Lakeside Hotel Tbk.,Consumer Cyclicals,Consumer Services,Tourism & Recreation,"Hotels, Resorts & Cruise Lines",E512,"COMPOSITE, DBX, IDXCYCLIC, ISSI",2021-03-29,Development,450000000,99000000000
SOCI,Soechi Lines Tbk.,Energy,"Oil, Gas & Coal",Oil & Gas,Oil & Gas Storage & Distribution,A112,"COMPOSITE, DBX, IDXENERGY, IDXSMC-COM, ISSI",2014-12-03,Development,7059000000,3077724000000
SOFA,Solusi Environment Asia Tbk.,Consumer Cyclicals,Household Goods,Household Goods,Home Furnishings,E211,ABX,2020-07-07,Acceleration,1653574499,353864942786
SOHO,Soho Global Health Tbk.,Healthcare,Pharmaceuticals & Health Care Research,Pharmaceuticals,Pharmaceuticals,F211,"COMPOSITE, DBX, IDXHEALTH, IDXSMC-COM, ISSI",2020-09-08,Development,12691682390,15230018868000
SOLA,Xolare RCR Energy Tbk.,Basic Materials,Basic Materials,Construction Materials,Construction Materials,B121,"COMPOSITE, DBX, IDXBASIC, ISSI",2024-05-08,Development,3287375000,315588000000
SONA,Sona Topas Tourism Industry Tb,Consumer Cyclicals,Retailing,Department Stores,Department Stores,E731,"COMPOSITE, IDXCYCLIC, IDXSMC-COM",1992-07-21,Watchlist,662400000,1550016000000
SOSS,ALSOK Indonesia Services Tbk.,Industrials,Industrial Services,Professional Services,Human Resource & Employment Services,C231,"COMPOSITE, IDXINDUST, ISSI",2018-11-06,Watchlist,974525743,847837396410
SOTS,Satria Mega Kencana Tbk.,Consumer Cyclicals,Consumer Services,Tourism & Recreation,"Hotels, Resorts & Cruise Lines",E512,"COMPOSITE, DBX, IDXCYCLIC, IDXSMC-COM, ISSI",2018-12-10,Development,1000003979,580002307820
SOUL,Mitra Tirta Buwana Tbk.,Consumer Non-Cyclicals,Food & Beverage,Beverages,Soft Drinks,D212,ABX,2023-01-06,Acceleration,1082526223,40053470251
SPMA,Suparma Tbk.,Basic Materials,Basic Materials,Containers & Packaging,Containers & Packaging,B131,"COMPOSITE, DBX, IDXBASIC, ISSI",1994-11-16,Development,5330410085,868856843855
SPRE,Soraya Berjaya Indonesia Tbk.,Consumer Cyclicals,Apparel & Luxury Goods,Apparel & Luxury Goods,Textiles,E413,ABX,2024-07-03,Acceleration,800000000,74400000000
SPTO,Surya Pertiwi Tbk.,Industrials,Industrial Goods,Building Products & Fixtures,Building Products & Fixtures,C121,"COMPOSITE, IDXINDUST, IDXSMC-COM, ISSI, MBX",2018-05-14,Main,2700000000,1633500000000
SQMI,Wilton Makmur Indonesia Tbk.,Basic Materials,Basic Materials,Metals & Minerals,Gold,B143,"COMPOSITE, IDXBASIC",2004-07-15,Development,15537591429,1041018625743
SRAJ,Sejahteraraya Anugrahjaya Tbk.,Healthcare,Healthcare Equipment & Providers,Healthcare Providers,Healthcare Providers,F121,"COMPOSITE, DBX, IDXHEALTH",2011-04-11,Development,12238959990,147479467879500
SRIL,Sri Rejeki Isman Tbk.,Consumer Cyclicals,Apparel & Luxury Goods,Apparel & Luxury Goods,Textiles,E413,"COMPOSITE, IDXCYCLIC, IDXSMC-COM",2013-06-17,Watchlist,20452176844,2986017819224
SRSN,Indo Acidatama Tbk,Basic Materials,Basic Materials,Chemicals,Basic Chemicals,B111,"COMPOSITE, DBX, IDXBASIC",1993-01-11,Development,6020000000,427420000000
SRTG,Saratoga Investama Sedaya Tbk.,Financials,Holding & Investment Companies,Holding & Investment Companies,Investment Companies,G512,"COMPOSITE, IDXFINANCE, IDXSMC-COM, IDXSMC-LIQ, ISSI, JII70, MBX",2013-06-26,Main,13564835000,24213230475000
SSIA,Surya Semesta Internusa Tbk.,Infrastructures,Heavy Constructions & Civil Engineering,Heavy Constructions & Civil Engineering,Heavy Constructions & Civil Engineering,J211,"COMPOSITE, IDX80, IDXINFRA, IDXSMC-COM, IDXSMC-LIQ, ISSI, JII70, KOMPAS100, MBX, SMinfra18",1997-03-27,Main,4705249440,7763661576000
SSMS,Sawit Sumbermas Sarana Tbk.,Consumer Non-Cyclicals,Food & Beverage,Agricultural Products,Plantations & Crops,D232,"COMPOSITE, IDXNONCYC, IDXSMC-COM, IDXSMC-LIQ, MBX",2013-12-12,Main,9525000000,9525000000000
SSTM,Sunson Textile Manufacture Tbk,Consumer Cyclicals,Apparel & Luxury Goods,Apparel & Luxury Goods,Textiles,E413,"COMPOSITE, DBX, IDXCYCLIC, IDXSMC-COM, ISSI",,Development,1170909181,482414582572
STAA,Sumber Tani Agung Resources Tb,Consumer Non-Cyclicals,Food & Beverage,Agricultural Products,Plantations & Crops,D232,"COMPOSITE, IDXNONCYC, IDXSMC-COM, IDXSMC-LIQ, ISSI, MBX",2022-03-10,Main,10903372600,11775642408000
STAR,Calculus Global Ventures Tbk.,Financials,Holding & Investment Companies,Holding & Investment Companies,Financial Holdings,G511,"COMPOSITE, DBX, IDXFINANCE, IDXSMC-COM",2011-07-13,Development,4800000602,1286400161336
STRK,Lovina Beach Brewery Tbk.,Consumer Non-Cyclicals,Food & Beverage,Beverages,Liquors,D211,"COMPOSITE, DBX, IDXNONCYC, IDXSMC-COM",2023-10-10,Development,10721835562,675475640406
STTP,Siantar Top Tbk.,Consumer Non-Cyclicals,Food & Beverage,Processed Foods,Processed Foods,D222,"COMPOSITE, DBX, IDXNONCYC, IDXSMC-COM, ISSI",1996-12-16,Development,1310000000,12772500000000
SUGI,Sugih Energy Tbk.,Energy,"Oil, Gas & Coal",Oil & Gas,Oil & Gas Production & Refinery,A111,"COMPOSITE, IDXENERGY, IDXSMC-COM",2002-06-19,Watchlist,24811541414,1240577070700
SULI,SLJ Global Tbk.,Basic Materials,Basic Materials,Forestry & Paper,Timber,B151,"COMPOSITE, DBX, IDXBASIC, ISSI",1994-03-21,Development,6320776836,562549138404
SUNI,Sunindo Pratama Tbk.,Energy,"Oil, Gas & Coal","Oil, Gas & Coal Supports","Oil, Gas & Coal Equipment & Services",A132,"COMPOSITE, IDXENERGY, IDXSMC-COM, ISSI, MBX",2023-01-09,Main,2500000000,1825000000000
SUPA,Super Bank Indonesia Tbk.,Financials,Banks,Banks,Banks,G111,"COMPOSITE, DBX, IDXFINANCE",2025-12-17,Development,33558047450,20302618707250
SUPR,Solusi Tunas Pratama Tbk.,Infrastructures,Telecommunication,Wireless Telecommunication Services,Wireless Telecommunication Services,J321,"COMPOSITE, IDXINFRA, IDXSMC-COM, ISSI",2011-10-11,Watchlist,1137579698,49882869757300
SURE,Super Energy Tbk.,Energy,"Oil, Gas & Coal",Oil & Gas,Oil & Gas Production & Refinery,A111,"COMPOSITE, DBX, IDXENERGY, IDXSMC-COM",2018-10-05,Development,1497576771,4148287655670
SURI,Maja Agung Latexindo Tbk.,Healthcare,Healthcare Equipment & Providers,Healthcare Equipment & Supplies,Healthcare Supplies & Distributions,F112,"COMPOSITE, DBX, IDXHEALTH, ISSI",2023-12-07,Development,6334375000,456075000000
SWAT,Sriwahana Adityakarta Tbk.,Basic Materials,Basic Materials,Forestry & Paper,Paper,B152,"COMPOSITE, IDXBASIC",2018-06-08,Watchlist,3019200000,48307200000
SWID,Saraswanti Indoland Developmen,Consumer Cyclicals,Consumer Services,Tourism & Recreation,"Hotels, Resorts & Cruise Lines",E512,"COMPOSITE, DBX, IDXCYCLIC, ISSI",2022-07-07,Development,5385019201,554656977703
TALF,Tunas Alfin Tbk.,Basic Materials,Basic Materials,Containers & Packaging,Containers & Packaging,B131,"COMPOSITE, DBX, IDXBASIC, ISSI",2014-01-17,Development,1353435000,960938850000
TAMA,Lancartama Sejati Tbk.,Infrastructures,Heavy Constructions & Civil Engineering,Heavy Constructions & Civil Engineering,Heavy Constructions & Civil Engineering,J211,"COMPOSITE, DBX, IDXINFRA, ISSI",2020-02-10,Development,1200000696,304800176784
TAMU,Pelayaran Tamarin Samudra Tbk.,Energy,"Oil, Gas & Coal","Oil, Gas & Coal Supports","Oil, Gas & Coal Equipment & Services",A132,"COMPOSITE, IDXENERGY, IDXSMC-COM",2017-05-10,Watchlist,37500000000,787500000000
TAPG,Triputra Agro Persada Tbk.,Consumer Non-Cyclicals,Food & Beverage,Agricultural Products,Plantations & Crops,D232,"BISNIS-27, COMPOSITE, ESGQKEHATI, ESGSKEHATI, IDX80, IDXG30, IDXHIDIV20, IDXNONCYC, IDXQ30, IDXSHAGROW, IDXSMC-COM, IDXSMC-LIQ, ISSI, JII70, KOMPAS100, MBX, MNC36",2021-04-12,Main,19852540000,34741945000000
TARA,Agung Semesta Sejahtera Tbk.,Properties & Real Estate,Properties & Real Estate,Real Estate Management & Development,Real Estate Development & Management,H111,"COMPOSITE, IDXPROPERT",2014-07-11,Watchlist,10069645750,302089372500
TAXI,Express Transindo Utama Tbk.,Transportation & Logistic,Transportation,Passenger Land Transportation,Road Transportation,K132,"COMPOSITE, IDXTRANS, ISSI",2012-11-02,Watchlist,10223647156,143131060184
TAYS,Jaya Swarasa Agung Tbk.,Consumer Non-Cyclicals,Food & Beverage,Processed Foods,Processed Foods,D222,"COMPOSITE, DBX, IDXNONCYC",2021-12-06,Development,1098920000,54946000000
TBIG,Tower Bersama Infrastructure T,Infrastructures,Telecommunication,Wireless Telecommunication Services,Wireless Telecommunication Services,J321,"COMPOSITE, IDXINFRA, Investor33, MBX",2010-10-26,Main,22656999445,32739364198025
TBLA,Tunas Baru Lampung Tbk.,Consumer Non-Cyclicals,Food & Beverage,Processed Foods,Processed Foods,D222,"COMPOSITE, IDXNONCYC, IDXSMC-COM, MBX",2000-02-14,Main,6025373372,3735731490640
TBMS,Tembaga Mulia Semanan Tbk.,Basic Materials,Basic Materials,Metals & Minerals,Cooper,B142,"COMPOSITE, DBX, IDXBASIC, IDXSMC-COM, ISSI",1990-05-23,Development,734680000,859575600000
TCID,Mandom Indonesia Tbk.,Consumer Non-Cyclicals,Nondurable Household Products,Personal Care Products,Personal Care Products,D421,"COMPOSITE, DBX, IDXNONCYC, IDXSMC-COM, ISSI",1993-09-30,Development,402133334,1093802668480
TCPI,Transcoal Pacific Tbk.,Energy,"Oil, Gas & Coal",Coal,Coal Distribution,A122,"COMPOSITE, DBX, IDXENERGY, IDXSMC-COM, ISSI, JII70, KOMPAS100",2018-07-06,Development,5000000000,25250000000000
TDPM,Tianrong Chemicals Industry Tb,Basic Materials,Basic Materials,Chemicals,Basic Chemicals,B111,"COMPOSITE, IDXBASIC, IDXSMC-COM",2018-04-09,Watchlist,10485050500,1247721009500
TEBE,Dana Brata Luhur Tbk.,Energy,"Oil, Gas & Coal",Coal,Coal Distribution,A122,"COMPOSITE, IDXENERGY, IDXSMC-COM, ISSI, MBX",2019-11-18,Main,1285000000,1407075000000
TECH,Indosterling Technomedia Tbk.,Technology,Software & IT Services,IT Services & Consulting,IT Services & Consulting,I121,"COMPOSITE, IDXTECHNO",2020-06-04,Watchlist,1256300000,62815000000
TELE,Omni Inovasi Indonesia Tbk.,Consumer Cyclicals,Retailing,Consumer Distributors,Consumer Distributors,E711,"COMPOSITE, IDXCYCLIC",2012-01-12,Watchlist,7310929389,65798364501
TFAS,Telefast Indonesia Tbk.,Technology,Software & IT Services,Online Applications & Services,Online Applications & Services,I111,"COMPOSITE, DBX, IDXTECHNO, ISSI",2019-09-17,Development,1666666500,321666634500
TFCO,Tifico Fiber Indonesia Tbk.,Consumer Cyclicals,Apparel & Luxury Goods,Apparel & Luxury Goods,Textiles,E413,"COMPOSITE, IDXCYCLIC, IDXSMC-COM, ISSI",1980-02-26,Watchlist,4823076400,3472615008000
TGKA,Tigaraksa Satria Tbk.,Consumer Non-Cyclicals,Food & Beverage,Processed Foods,Processed Foods,D222,"COMPOSITE, DBX, IDXNONCYC, IDXSMC-COM, ISSI",1990-06-11,Development,918492750,4509799402500
TGRA,Terregra Asia Energy Tbk.,Infrastructures,Utilities,Electric Utilities,Electric Utilities,J411,"COMPOSITE, IDXINFRA",2017-05-16,Watchlist,2750000000,74250000000
TGUK,Platinum Wahab Nusantara Tbk.,Consumer Non-Cyclicals,Food & Beverage,Processed Foods,Dairy Products,D221,"COMPOSITE, IDXNONCYC, ISSI",2023-07-10,Watchlist,3571451815,489288898655
TIFA,KDB Tifa Finance Tbk.,Financials,Financing Service,Consumer Financing,Consumer Financing,G211,"COMPOSITE, DBX, IDXFINANCE, IDXSMC-COM",2011-07-08,Development,3552213000,1214856846000
TINS,TIMAH (Persero) Tbk.,Basic Materials,Basic Materials,Metals & Minerals,Diversified Metals & Minerals,B146,"COMPOSITE, IDXBASIC, IDXMESBUMN, IDXSHAGROW, IDXSMC-COM, IDXSMC-LIQ, ISSI, JII70, KOMPAS100, MBX",1995-10-19,Main,7447753454,28301463125200
TIRA,Tira Austenite Tbk,Industrials,Industrial Services,Diversified Industrial Trading,Diversified Industrial Trading,C211,"COMPOSITE, DBX, IDXINDUST, ISSI",1993-07-27,Development,588000000,291648000000
TIRT,Tirta Mahakam Resources Tbk,Basic Materials,Basic Materials,Forestry & Paper,Timber,B151,"COMPOSITE, IDXBASIC, ISSI",1999-12-13,Watchlist,1011774750,596947102500
TKIM,Pabrik Kertas Tjiwi Kimia Tbk.,Basic Materials,Basic Materials,Forestry & Paper,Paper,B152,"COMPOSITE, ESGQKEHATI, ESGSKEHATI, IDXBASIC, IDXSHAGROW, IDXSMC-COM, ISSI, JII70, MBX",1990-04-03,Main,3113223570,20235953205000
TLDN,Teladan Prima Agro Tbk.,Consumer Non-Cyclicals,Food & Beverage,Agricultural Products,Plantations & Crops,D232,"COMPOSITE, IDXNONCYC, IDXSMC-COM, ISSI, MBX",2022-04-12,Main,12946530200,6732195704000
TLKM,Telkom Indonesia (Persero) Tbk,Infrastructures,Telecommunication,Telecommunication Service,Integrated Telecommunication Service,J312,"BISNIS-27, COMPOSITE, I-GRADE, IDX30, IDX80, IDXBUMN20, IDXESGL, IDXG30, IDXHIDIV20, IDXINFRA, IDXLQ45LCL, IDXMESBUMN, IDXQ30, IDXVESTA28, Investor33, ISSI, JII, JII70, KOMPAS100, LQ45, MBX, MNC36, SMinfra18",1995-11-14,Main,99062216600,260533629658000
TMAS,Temas Tbk.,Transportation & Logistic,Logistics & Deliveries,Logistics & Deliveries,Logistics & Deliveries,K211,"COMPOSITE, IDXSMC-COM, IDXTRANS, ISSI, MBX",2003-07-09,Main,57051500000,6903231500000
TMPO,Tempo Intimedia Tbk.,Consumer Cyclicals,Media & Entertainment,Media,Consumer Publishing,E614,"COMPOSITE, DBX, IDXCYCLIC, ISSI",2001-01-08,Development,1058333250,119591657250
TNCA,Trimuda Nuansa Citra Tbk.,Transportation & Logistic,Logistics & Deliveries,Logistics & Deliveries,Logistics & Deliveries,K211,"COMPOSITE, DBX, IDXTRANS, ISSI",2018-06-28,Development,421640000,70413880000
TOBA,TBS Energi Utama Tbk.,Energy,"Oil, Gas & Coal",Coal,Coal Production,A121,"COMPOSITE, IDXENERGY, IDXSMC-COM, ISSI, JII70, KOMPAS100, MBX",2012-07-06,Main,8319512975,3876893046350
TOOL,Rohartindo Nusantara Luas Tbk.,Consumer Cyclicals,Retailing,Specialty Retail,Home Improvement Retail,E743,"COMPOSITE, DBX, IDXCYCLIC, ISSI",,Development,2050020320,133251320800
TOPS,Totalindo Eka Persada Tbk.,Infrastructures,Heavy Constructions & Civil Engineering,Heavy Constructions & Civil Engineering,Heavy Constructions & Civil Engineering,J211,"COMPOSITE, IDXINFRA",2017-06-16,Watchlist,33330000000,33330000000
TOSK,Topindo Solusi Komunika Tbk.,Technology,Software & IT Services,Online Applications & Services,Online Applications & Services,I111,"COMPOSITE, DBX, IDXTECHNO, ISSI",2024-02-07,Development,4375277300,297518856400
TOTL,Total Bangun Persada Tbk.,Infrastructures,Heavy Constructions & Civil Engineering,Heavy Constructions & Civil Engineering,Heavy Constructions & Civil Engineering,J211,"COMPOSITE, IDXINFRA, IDXSMC-COM, ISSI, MBX",2006-07-25,Main,3410000000,3887400000000
TOTO,Surya Toto Indonesia Tbk.,Industrials,Industrial Goods,Building Products & Fixtures,Building Products & Fixtures,C121,"COMPOSITE, IDXINDUST, IDXSMC-COM, ISSI, MBX",1990-10-30,Main,10320000000,2497440000000
TOWR,Sarana Menara Nusantara Tbk.,Infrastructures,Telecommunication,Wireless Telecommunication Services,Wireless Telecommunication Services,J321,"COMPOSITE, ESGQKEHATI, IDX80, IDXESGL, IDXINFRA, IDXLQ45LCL, IDXSMC-COM, IDXSMC-LIQ, IDXV30, Investor33, KOMPAS100, LQ45, MBX, SMinfra18",2010-03-08,Main,59098103731,23875633907324
TOYS,Sunindo Adipersada Tbk.,Consumer Cyclicals,Leisure Goods,Sport Equipment & Hobbies Goods,Sport Equipment & Hobbies Goods,E321,"COMPOSITE, IDXCYCLIC",,Watchlist,1435000712,11480005696
TPIA,Chandra Asri Pacific Tbk.,Basic Materials,Basic Materials,Chemicals,Basic Chemicals,B111,"COMPOSITE, ECONOMIC30, I-GRADE, IDX80, IDXBASIC, IDXESGL, IDXSHAGROW, ISSI, JII, JII70, KOMPAS100, MBX",2008-05-26,Main,86511545092,186864937398720
TPMA,Trans Power Marine Tbk.,Energy,"Oil, Gas & Coal",Coal,Coal Distribution,A122,"COMPOSITE, IDXENERGY, IDXSMC-COM, ISSI, MBX",2013-02-20,Main,3507420034,1634457735844
TRAM,Trada Alam Minera Tbk.,Energy,"Oil, Gas & Coal",Coal,Coal Production,A121,"COMPOSITE, IDXENERGY, IDXSMC-COM",2008-09-10,Watchlist,49643627934,2482181396700
TRGU,Cerestar Indonesia Tbk.,Consumer Non-Cyclicals,Food & Beverage,Processed Foods,Processed Foods,D222,"COMPOSITE, IDXNONCYC, IDXSMC-COM, MBX",2022-07-08,Main,7945412700,1295102270100
TRIL,Triwira Insanlestari Tbk.,Industrials,Industrial Services,Diversified Industrial Trading,Diversified Industrial Trading,C211,"COMPOSITE, IDXINDUST",2008-01-28,Watchlist,1200000000,60000000000
TRIM,Trimegah Sekuritas Indonesia T,Financials,Investment Service,Investment Services,Investment Banking & Brokerage Services,G312,"COMPOSITE, IDXFINANCE, IDXSMC-COM, MBX",2000-01-31,Main,7109300000,4016754500000
TRIN,Perintis Triniti Properti Tbk.,Properties & Real Estate,Properties & Real Estate,Real Estate Management & Development,Real Estate Development & Management,H111,"COMPOSITE, DBX, IDXPROPERT, IDXSMC-COM",2020-01-15,Development,4551457789,1447363576902
TRIO,Trikomsel Oke Tbk.,Consumer Cyclicals,Retailing,Specialty Retail,Electronics Retail,E742,"COMPOSITE, IDXCYCLIC, IDXSMC-COM",2009-04-14,Watchlist,26007494645,11079192718770
TRIS,Trisula International Tbk.,Consumer Cyclicals,Apparel & Luxury Goods,Apparel & Luxury Goods,"Clothing, Accessories & Bags",E411,"COMPOSITE, DBX, IDXCYCLIC, ISSI",2012-06-28,Development,3141443831,530904007439
TRJA,Transkon Jaya Tbk.,Transportation & Logistic,Transportation,Passenger Land Transportation,Road Transportation,K132,"COMPOSITE, DBX, IDXTRANS, ISSI",,Development,1510200000,169142400000
TRON,Teknologi Karya Digital Nusa T,Technology,Software & IT Services,Software,Software,I131,"COMPOSITE, DBX, IDXTECHNO, ISSI",2023-03-08,Development,2951328448,321694800832
TRST,Trias Sentosa Tbk.,Basic Materials,Basic Materials,Containers & Packaging,Containers & Packaging,B131,"COMPOSITE, DBX, IDXBASIC, IDXSMC-COM, ISSI",1990-07-02,Development,2808000000,1286064000000
TRUE,Triniti Dinamik Tbk.,Properties & Real Estate,Properties & Real Estate,Real Estate Management & Development,Real Estate Development & Management,H111,"COMPOSITE, DBX, IDXPROPERT, IDXSMC-COM",2021-06-10,Development,7571107860,378555393000
TRUK,Guna Timur Raya Tbk.,Transportation & Logistic,Logistics & Deliveries,Logistics & Deliveries,Logistics & Deliveries,K211,"COMPOSITE, DBX, IDXTRANS, ISSI",2018-05-23,Development,435000000,187920000000
TRUS,Trust Finance Indonesia Tbk,Financials,Financing Service,Consumer Financing,Consumer Financing,G211,"COMPOSITE, DBX, IDXFINANCE",2002-11-28,Development,800000000,329600000000
TSPC,Tempo Scan Pacific Tbk.,Healthcare,Pharmaceuticals & Health Care Research,Pharmaceuticals,Pharmaceuticals,F211,"COMPOSITE, IDXHEALTH, IDXSMC-COM, ISSI, MBX",1994-06-17,Main,4509864300,12988409184000
TUGU,Asuransi Tugu Pratama Indonesi,Financials,Insurance,Insurance,General Insurance,G412,"COMPOSITE, IDXFINANCE, IDXSMC-COM, MBX",2018-05-28,Main,3555575600,4337802232000
TYRE,King Tire Indonesia Tbk.,Consumer Cyclicals,Automobiles & Components,Auto Components,Tires,E112,"COMPOSITE, DBX, IDXCYCLIC, ISSI",2023-05-08,Development,3480581727,393305735151
UANG,Pakuan Tbk.,Properties & Real Estate,Properties & Real Estate,Real Estate Management & Development,Real Estate Development & Management,H111,"COMPOSITE, DBX, IDXPROPERT, IDXSMC-COM, ISSI",2020-07-06,Development,1210000000,2916100000000
UCID,Uni-Charm Indonesia Tbk.,Consumer Non-Cyclicals,Nondurable Household Products,Personal Care Products,Personal Care Products,D421,"COMPOSITE, IDXNONCYC, IDXSMC-COM, ISSI, MBX",2019-12-20,Main,4156572300,1720820932200
UDNG,Agro Bahari Nusantara Tbk.,Consumer Non-Cyclicals,Food & Beverage,Agricultural Products,"Fish, Meat, & Poultry",D231,ABX,2023-10-31,Acceleration,1750040072,1872542877040
UFOE,Damai Sejahtera Abadi Tbk.,Consumer Cyclicals,Retailing,Specialty Retail,Electronics Retail,E742,"COMPOSITE, DBX, IDXCYCLIC, ISSI",2021-02-01,Development,2898261693,391265328555
ULTJ,Ultrajaya Milk Industry & Trad,Consumer Non-Cyclicals,Food & Beverage,Processed Foods,Dairy Products,D221,"COMPOSITE, ESGQKEHATI, IDXNONCYC, IDXSMC-COM, ISSI, MBX, MNC36",1990-07-02,Main,10398175200,15285317544000
UNIC,Unggul Indah Cahaya Tbk.,Basic Materials,Basic Materials,Chemicals,Basic Chemicals,B111,"COMPOSITE, IDXBASIC, IDXSMC-COM, ISSI, MBX",1989-11-06,Main,383331363,5864969853900
UNIQ,Ulima Nitra Tbk.,Energy,"Oil, Gas & Coal","Oil, Gas & Coal Supports","Oil, Gas & Coal Equipment & Services",A132,"COMPOSITE, DBX, IDXENERGY, ISSI",2021-03-08,Development,3138983000,348427113000
UNIT,Nusantara Inti Corpora Tbk,Consumer Cyclicals,Apparel & Luxury Goods,Apparel & Luxury Goods,Textiles,E413,"COMPOSITE, IDXCYCLIC",2002-04-18,Development,75422200,23833415200
UNSP,Bakrie Sumatera Plantations Tb,Consumer Non-Cyclicals,Food & Beverage,Agricultural Products,Plantations & Crops,D232,"COMPOSITE, IDXNONCYC, IDXSMC-COM",1990-03-06,Watchlist,17005275078,515033442864
UNTD,Terang Dunia Internusa Tbk.,Consumer Cyclicals,Leisure Goods,Sport Equipment & Hobbies Goods,Sport Equipment & Hobbies Goods,E321,"COMPOSITE, DBX, IDXCYCLIC",2024-02-07,Development,6666666700,533333336000
UNTR,United Tractors Tbk.,Industrials,Industrial Goods,Machinery,Construction Machinery & Heavy Vehicles,C141,"BISNIS-27, COMPOSITE, ESGQKEHATI, ESGSKEHATI, IDX30, IDX80, IDXG30, IDXHIDIV20, IDXINDUST, IDXLQ45LCL, IDXQ30, IDXSHAGROW, IDXV30, IDXVESTA28, Investor33, ISSI, JII, JII70, KOMPAS100, LQ45, MBX, MNC36, SMinfra18",1989-09-19,Main,3730135136,89336736507200
UNVR,Unilever Indonesia Tbk.,Consumer Non-Cyclicals,Nondurable Household Products,Personal Care Products,Personal Care Products,D421,"COMPOSITE, ESGQKEHATI, ESGSKEHATI, IDX30, IDX80, IDXESGL, IDXHIDIV20, IDXLQ45LCL, IDXNONCYC, IDXQ30, Investor33, ISSI, JII, JII70, KOMPAS100, LQ45, MBX, SRI-KEHATI",1982-01-11,Main,38150000000,66953250000000
URBN,Urban Jakarta Propertindo Tbk.,Properties & Real Estate,Properties & Real Estate,Real Estate Management & Development,Real Estate Development & Management,H111,"COMPOSITE, IDXPROPERT, ISSI",2018-12-10,Watchlist,3232122640,665817263840
UVCR,Trimegah Karya Pratama Tbk.,Technology,Software & IT Services,Online Applications & Services,Online Applications & Services,I111,"COMPOSITE, DBX, IDXTECHNO, ISSI",2021-07-27,Development,2000144838,294021291186
VAST,Vastland Indonesia Tbk.,Properties & Real Estate,Properties & Real Estate,Real Estate Management & Development,Real Estate Development & Management,H111,"COMPOSITE, DBX, IDXPROPERT, ISSI",2023-02-08,Development,3055737049,357521234733
VERN,Verona Indah Pictures Tbk.,Consumer Cyclicals,Media & Entertainment,Entertainment & Movie Production,Entertainment & Movie Production,E621,"COMPOSITE, DBX, IDXCYCLIC, ISSI",2024-10-08,Development,4765648183,938832692051
VICI,Victoria Care Indonesia Tbk.,CONSUMER GOODS INDUSTRY,Cosmetics and Household,,,,"COMPOSITE, IDXNONCYC, IDXSMC-COM, ISSI, MBX",2020-12-17,Main,6708000000,3823560000000
VICO,Victoria Investama Tbk.,Financials,Holding & Investment Companies,Holding & Investment Companies,Financial Holdings,G511,"COMPOSITE, IDXFINANCE, IDXSMC-COM, MBX",2013-07-08,Main,15217075658,2145607667778
VINS,Victoria Insurance Tbk.,Financials,Insurance,Insurance,General Insurance,G412,"COMPOSITE, DBX, IDXFINANCE",2015-09-28,Development,1553430759,215926875501
VISI,Satu Visi Putra Tbk.,Industrials,Industrial Services,Commercial Services,Office Supplies,C223,"COMPOSITE, DBX, IDXINDUST, ISSI",2024-02-27,Development,3075000000,2644500000000
VIVA,Visi Media Asia Tbk.,Consumer Cyclicals,Media & Entertainment,Media,Broadcasting,E612,"COMPOSITE, IDXCYCLIC, IDXSMC-COM",2011-11-21,Watchlist,16464270400,691499356800
VKTR,VKTR Teknologi Mobilitas Tbk.,Consumer Cyclicals,Automobiles & Components,Auto Components,Auto Parts & Equipment,E111,"COMPOSITE, DBX, IDXCYCLIC, IDXSMC-COM, ISSI",2023-06-19,Development,43750000000,31937500000000
VOKS,Voksel Electric Tbk.,Industrials,Industrial Goods,Electrical,Electrical Components & Equipment,C131,"COMPOSITE, DBX, IDXINDUST, IDXSMC-COM, ISSI",1990-12-20,Development,4155602595,856054134570
VRNA,Mizuho Leasing Indonesia Tbk.,Financials,Financing Service,Consumer Financing,Consumer Financing,G211,"COMPOSITE, DBX, IDXFINANCE",2008-06-25,Development,5687353997,437926257769
VTNY,Venteny Fortuna International,Financials,Financing Service,Consumer Financing,Consumer Financing,G211,"COMPOSITE, DBX, IDXFINANCE",2022-12-15,Development,6265193445,394707187035
WAPO,Wahana Pronatural Tbk.,Consumer Non-Cyclicals,Food & Beverage,Agricultural Products,Plantations & Crops,D232,"COMPOSITE, DBX, IDXNONCYC, ISSI",2001-06-22,Development,1240923111,150151696431
WBSA,BSA Logistics Indonesia Tbk.,Transportation & Logistic,Logistics & Deliveries,Logistics & Deliveries,Logistics & Deliveries,K211,"COMPOSITE, DBX, IDXTRANS, ISSI",2026-04-10,Development,8675000000,5465250000000
WEGE,Wijaya Karya Bangunan Gedung T,Infrastructures,Heavy Constructions & Civil Engineering,Heavy Constructions & Civil Engineering,Heavy Constructions & Civil Engineering,J211,"COMPOSITE, DBX, IDXINFRA, ISSI",2017-11-30,Development,9572000000,478600000000
WEHA,WEHA Transportasi Indonesia Tb,Transportation & Logistic,Transportation,Passenger Land Transportation,Road Transportation,K132,"COMPOSITE, DBX, IDXTRANS, ISSI",2007-05-31,Development,1460554819,153358255995
WGSH,Wira Global Solusi Tbk.,Technology,Software & IT Services,Software,Software,I131,ABX,2021-12-06,Acceleration,2085000000,352365000000
WICO,Wicaksana Overseas Internation,Consumer Non-Cyclicals,Food & Staples Retailing,Food & Staples Retailing,Food Retail & Distributors,D112,"COMPOSITE, IDXNONCYC",,Watchlist,2393710348,294426372804
WIDI,Widiant Jaya Krenindo Tbk.,Industrials,Industrial Goods,Machinery,Construction Machinery & Heavy Vehicles,C141,ABX,2023-07-10,Acceleration,1600031683,41600823758
WIFI,Solusi Sinergi Digital Tbk.,Technology,Software & IT Services,Online Applications & Services,Online Applications & Services,I111,"COMPOSITE, DBX, IDX80, IDXG30, IDXSHAGROW, IDXSMC-COM, IDXSMC-LIQ, IDXTECHNO, ISSI, JII, JII70, KOMPAS100, LQ45, SMinfra18",2020-12-30,Development,5308549015,10617098030000
WIIM,Wismilak Inti Makmur Tbk.,Consumer Non-Cyclicals,Tobacco,Tobacco,Tobacco,D311,"COMPOSITE, IDXNONCYC, IDXSMC-COM, MBX",2012-12-18,Main,2099873760,3580284760800
WIKA,Wijaya Karya (Persero) Tbk.,Infrastructures,Heavy Constructions & Civil Engineering,Heavy Constructions & Civil Engineering,Heavy Constructions & Civil Engineering,J211,"COMPOSITE, IDXINFRA, IDXSMC-COM",2007-10-29,Watchlist,39873063858,8134105027032
WINE,Hatten Bali Tbk.,Consumer Non-Cyclicals,Food & Beverage,Beverages,Liquors,D211,"COMPOSITE, DBX, IDXNONCYC",2023-01-10,Development,2710000000,409210000000
WINR,Winner Nusantara Jaya Tbk.,Properties & Real Estate,Properties & Real Estate,Real Estate Management & Development,Real Estate Services,H112,"COMPOSITE, IDXPROPERT, ISSI",2022-04-25,Watchlist,5235316030,104706320600
WINS,Wintermar Offshore Marine Tbk.,Energy,"Oil, Gas & Coal","Oil, Gas & Coal Supports","Oil, Gas & Coal Equipment & Services",A132,"COMPOSITE, IDXENERGY, IDXSMC-COM, ISSI, MBX",2010-11-29,Main,4523065893,2306763605430
WIRG,WIR ASIA Tbk.,Technology,Software & IT Services,Software,Software,I131,"COMPOSITE, DBX, IDXSMC-COM, IDXTECHNO, ISSI, KOMPAS100",2022-04-04,Development,11938622394,680501476458
WMPP,Widodo Makmur Perkasa Tbk.,Consumer Non-Cyclicals,Food & Beverage,Agricultural Products,"Fish, Meat, & Poultry",D231,"COMPOSITE, IDXNONCYC",2021-12-06,Watchlist,29419000000,676637000000
WMUU,Widodo Makmur Unggas Tbk.,Consumer Non-Cyclicals,Food & Beverage,Agricultural Products,"Fish, Meat, & Poultry",D231,"COMPOSITE, DBX, IDXNONCYC",2021-02-02,Development,12941176500,685882354500
WOMF,Wahana Ottomitra Multiartha Tb,Financials,Financing Service,Consumer Financing,Consumer Financing,G211,"COMPOSITE, DBX, IDXFINANCE, IDXSMC-COM",2004-12-13,Development,3481481480,912148147760
WOOD,Integra Indocabinet Tbk.,Consumer Cyclicals,Household Goods,Household Goods,Home Furnishings,E211,"COMPOSITE, IDXCYCLIC, IDXSMC-COM, ISSI, MBX",2017-06-21,Main,6437500000,1519250000000
WOWS,Ginting Jaya Energi Tbk.,Energy,"Oil, Gas & Coal","Oil, Gas & Coal Supports","Oil, Gas & Coal Equipment & Services",A132,"COMPOSITE, DBX, IDXENERGY, ISSI",2019-11-08,Development,2475720000,141116040000
WSBP,Waskita Beton Precast Tbk.,Basic Materials,Basic Materials,Construction Materials,Construction Materials,B121,"COMPOSITE, IDXBASIC, IDXSMC-COM",2016-09-20,Watchlist,56959163746,797428292444
WSKT,Waskita Karya (Persero) Tbk.,Infrastructures,Heavy Constructions & Civil Engineering,Heavy Constructions & Civil Engineering,Heavy Constructions & Civil Engineering,J211,"COMPOSITE, IDXINFRA, IDXSMC-COM",2012-12-19,Watchlist,28806807016,5818975017232
WTON,Wijaya Karya Beton Tbk.,Basic Materials,Basic Materials,Construction Materials,Construction Materials,B121,"COMPOSITE, IDXBASIC, IDXMESBUMN, ISSI, MBX",2014-04-08,Main,8715466600,671090928200
YELO,Yelooo Integra Datanet Tbk.,Consumer Cyclicals,Consumer Services,Education & Support Services,Consumer Support Services,E522,"COMPOSITE, DBX, IDXCYCLIC, ISSI",2018-10-29,Development,1912774405,162585824425
YOII,Asuransi Digital Bersama Tbk.,Financials,Insurance,Insurance,General Insurance,G412,"COMPOSITE, DBX, IDXFINANCE",2025-01-08,Development,3926983181,329866587204
YPAS,Yanaprima Hastapersada Tbk,Basic Materials,Basic Materials,Containers & Packaging,Containers & Packaging,B131,"COMPOSITE, DBX, IDXBASIC, ISSI",2008-03-05,Development,668000089,440880058740
YULE,Yulie Sekuritas Indonesia Tbk.,Financials,Investment Service,Investment Services,Investment Banking & Brokerage Services,G312,"COMPOSITE, DBX, IDXFINANCE, IDXSMC-COM",2004-12-10,Development,1785000000,6033300000000
YUPI,Yupi Indo Jelly Gum Tbk.,Consumer Non-Cyclicals,Food & Beverage,Processed Foods,Processed Foods,D222,"COMPOSITE, IDXNONCYC, IDXSMC-COM, ISSI, MBX",2025-03-25,Main,8544488700,11193280197000
ZATA,Bersama Zatta Jaya Tbk.,Consumer Cyclicals,Retailing,Specialty Retail,Apparel & Textile Retail,E741,"COMPOSITE, DBX, IDXCYCLIC",2022-11-10,Development,8496000000,560736000000
ZBRA,Dosni Roha Indonesia Tbk.,Industrials,Multi-sector Holdings,Multi-sector Holdings,Multi-sector Holdings,C311,"COMPOSITE, IDXINDUST",,Watchlist,2510706263,125535313150
ZINC,Kapuas Prima Coal Tbk.,Basic Materials,Basic Materials,Metals & Minerals,Diversified Metals & Minerals,B146,"COMPOSITE, IDXBASIC, IDXSMC-COM",2017-10-16,Watchlist,25250000000,757500000000
ZONE,Mega Perintis Tbk.,Consumer Cyclicals,Retailing,Specialty Retail,Apparel & Textile Retail,E741,"COMPOSITE, DBX, IDXCYCLIC, ISSI",2018-12-12,Development,870171478,665681180670
ZYRX,Zyrexindo Mandiri Buana Tbk.,Technology,Technology Hardware & Equipment,Computer Hardware,Computer Hardware,I221,"COMPOSITE, DBX, IDXTECHNO, ISSI",2021-03-30,Development,1333334556,161333481276
